wav_id,left_channel,right_channel
2011-07-18-m,HAC323,
2011-07-18-g,HAC323,
2011-08-24-i,FHR321,
2010-07-15-k,AJH303,
2010-07-15-e,ESL311,
2011-08-23-l,JSD318,
2009-09-20-b,JSI331,
2011-08-23-c,LFF343,
2009-09-20-g,RMM302,
2011-08-23-s,FMM345,
2011-07-18-l,HAC323,
2011-07-19-f,MFC307,RMM302
2011-07-14-k,RMM302,ADA300
2011-07-15-f,RMM302,EGS301
2011-07-15-g,RMM302,EGS301
2011-07-14-h,RMM302,EGS301
2011-07-19-m,RMM302,MJS324
2011-07-27-b,RMM302,MSO325
2011-07-25-n,RMM302,MSO325
2011-07-25-g,RMM302,MSO325
2011-07-27-j,RMM302,MSO325
2011-07-27-k,RMM302,MSO325
2011-07-27-a,RMM302,MSO325
2011-07-27-l,RMM302,MSO325
2011-07-14-a,RMM302,
2008-09-11-a,RMM302,
2008-09-12-k,RMM302,
2011-07-14-b,RMM302,
2010-07-28-f,RMM302,
2008-09-11-c,RMM302,
2011-07-25-i,RMM302,
2008-09-12-f,RMM302,
2008-09-11-l,RMM302,
2008-09-12-a,RMM302,
2011-07-15-p,RMM302,
2008-09-13-e,RMM302,
2008-09-11-g,RMM302,
2011-07-14-j,RMM302,
2008-09-12-g,RMM302,
2008-09-12-e,RMM302,
2011-07-14-l,RMM302,
2008-09-12-j,RMM302,
2011-07-15-n,RMM302,
2008-09-11-b,RMM302,
2011-07-14-c,RMM302,
2008-09-12-i,RMM302,
2011-07-15-j,RMM302,
2011-07-14-f,RMM302,
2008-09-11-k,RMM302,
2011-07-15-k,RMM302,
2008-09-11-h,RMM302,
2011-07-14-m,RMM302,
2008-09-12-h,RMM302,
2008-09-13-b,RMM302,
2008-09-11-e,RMM302,
2011-07-14-i,RMM302,
2011-07-14-n,RMM302,
2008-09-12-l,RMM302,
2008-09-13-a,RMM302,
2011-07-25-f,RMM302,
2008-09-11-j,RMM302,
2008-09-13-c,RMM302,
2008-09-12-c,RMM302,
2011-07-15-a,RMM302,
2011-07-14-g,RMM302,
2008-09-12-b,RMM302,
2011-07-19-n,RMM302,
2008-09-11-f,RMM302,
2011-07-14-e,RMM302,
2012-07-27-g,JVC313,FJG356
2012-07-23-k,FHR321,RMM302
2012-07-23-j,FHR321,
2012-07-16-b,FHR321,
2012-07-16-j,FHR321,
2012-07-31-m,LOS358,CGN309
2012-07-31-e,LOS358,CGN309
2012-07-31-n,LOS358,CGN309
2012-08-02-m,MBN359,AND308
2010-07-15-l,AJH303,
2014-07-28-i,AND308,HSO366
2014-07-28-h,AND308,HSO366
2014-07-24-c,AND308,HSO366
2014-07-25-m,AND308,HSO366
2014-07-25-u,AND308,HSO366
2014-07-25-v,AND308,HSO366
2014-07-24-j,AND308,HSO366
2011-07-28-e,AND308,JSD318
2011-07-28-b,AND308,JSD318
2011-07-28-c,AND308,JSD318
2011-07-13-c,AND308,JVC313
2012-08-02-s,AND308,JVC313
2011-07-22-n,AND308,JVC313
2011-07-22-l,AND308,JVC313
2013-07-22-c,AND308,JVC313
2011-07-22-j,AND308,JVC313
2012-08-02-r,AND308,JVC313
2013-07-19-b,AND308,JVC313
2013-07-19-c,AND308,JVC313
2011-07-22-p,AND308,JVC313
2012-08-02-q,AND308,JVC313
2011-07-22-k,AND308,JVC313
2013-07-19-a,AND308,JVC313
2013-07-19-e,AND308,JVC313
2012-08-02-a,AND308,JVC313
2011-07-13-e,AND308,JVC313
2013-07-19-f,AND308,JVC313
2014-07-25-h,AND308,JVC313
2013-07-19-g,AND308,JVC313
2012-07-25-q,AND308,JVC313
2012-08-02-t,AND308,JVC313
2012-08-02-f,AND308,JVC313
2011-07-22-m,AND308,JVC313
2013-07-19-h,AND308,JVC313
2013-07-19-i,AND308,JVC313
2013-07-19-k,AND308,JVC313
2013-07-19-j,AND308,JVC313
2011-07-13-f,AND308,JVC313
2014-07-25-l,AND308,JVC313
2012-08-02-c,AND308,JVC313
2014-07-25-k,AND308,JVC313
2013-07-21-s,AND308,JVC313
2012-08-02-e,AND308,JVC313
2011-07-22-h,AND308,JVC313
2011-07-13-a,AND308,JVC313
2012-07-25-p,AND308,JVC313
2011-07-22-b,AND308,JVC313
2011-07-22-c,AND308,JVC313
2011-07-29-a,AND308,JVC313
2013-07-22-a,AND308,JVC313
2013-07-22-b,AND308,JVC313
2011-07-22-a,AND308,JVC313
2013-07-22-e,AND308,JVC313
2013-07-22-f,AND308,JVC313
2013-07-22-j,AND308,JVC313
2013-07-22-q,AND308,JVC313
2013-07-22-m,AND308,JVC313
2013-07-22-n,AND308,JVC313
2013-07-22-p,AND308,JVC313
2013-07-22-g,AND308,JVC313
2013-07-22-r,AND308,JVC313
2013-07-22-i,AND308,JVC313
2013-07-22-k,AND308,JVC313
2013-07-22-l,AND308,JVC313
2013-07-22-h,AND308,JVC313
2011-07-22-g,AND308,JVC313
2011-07-13-g,AND308,JVC313
2011-07-22-f,AND308,JVC313
2011-07-22-i,AND308,JVC313
2012-07-25-s,AND308,JVC313
2013-07-22-u,AND308,JVC313
2013-07-22-s,AND308,JVC313
2013-07-22-t,AND308,JVC313
2012-07-25-r,AND308,JVC313
2011-07-13-i,AND308,JVC313
2011-07-22-e,AND308,JVC313
2013-07-22-v,AND308,JVC313
2011-07-13-h,AND308,JVC313
2012-08-02-b,AND308,JVC313
2011-07-13-b,AND308,JVC313
2014-07-25-j,AND308,JVC313
2013-07-22-w,AND308,JVC313
2012-08-02-p,AND308,MBN359
2010-07-29-b,AND308,MFC307
2013-04-05-n,AND308,RMM302
2010-07-29-g,AND308,
2010-07-29-a,AND308,
2014-07-24-b,AND308,
2010-07-31-e,AND308,
2011-07-28-a,AND308,
2011-07-28-f,AND308,
2012-07-16-a,AND308,
2010-07-31-q,AND308,
2012-07-16-c,AND308,
2013-07-21-r,AND308,
2010-07-29-h,AND308,
2011-07-29-m,AND308,
2012-07-16-n,AND308,
2012-07-31-p,CGN309,ADA300
2012-07-31-l,CGN309,EGS301
2012-07-20-c,CGN309,FRP353
2012-07-31-r,CGN309,FRP353
2012-07-31-q,CGN309,FRP353
2012-07-31-t,CGN309,FRP353
2012-07-31-s,CGN309,FRP353
2012-07-31-k,CGN309,LOS358
2012-07-26-m,CGN309,MSO325
2012-07-26-f,CGN309,MSO325
2012-07-26-p,CGN309,MSO325
2012-07-26-u,CGN309,MSO325
2012-07-26-l,CGN309,MSO325
2012-07-26-v,CGN309,MSO325
2012-07-26-c,CGN309,MSO325
2012-07-26-i,CGN309,MSO325
2012-07-26-r,CGN309,MSO325
2012-07-26-a,CGN309,MSO325
2012-07-26-w,CGN309,MSO325
2012-07-26-g,CGN309,MSO325
2012-07-26-e,CGN309,MSO325
2012-07-26-q,CGN309,MSO325
2012-07-26-b,CGN309,MSO325
2012-07-26-k,CGN309,MSO325
2012-07-26-s,CGN309,MSO325
2012-07-26-t,CGN309,MSO325
2012-07-26-h,CGN309,MSO325
2012-07-26-j,CGN309,MSO325
2012-07-20-e,CGN309,
2012-07-17-n,DZD352,MSO325
2012-07-17-c,DZD352,RMM302
2012-07-17-q,DZD352,
2012-07-17-k,DZD352,
2014-07-28-k,HSO366,CSC370
2014-07-25-g,HSO366,JVC313
2014-07-23-h,HSO366,JVC313
2014-07-25-p,HSO366,JVC313
2014-07-25-q,HSO366,JVC313
2014-07-25-f,HSO366,JVC313
2014-07-25-r,HSO366,JVC313
2014-07-25-i,HSO366,JVC313
2014-07-28-b,HSO366,
2010-07-29-e,JSD318,AND308
2011-07-28-g,JSD318,AND308
2011-07-29-b,JSD318,JVC313
2011-07-29-f,JSD318,JVC313
2011-08-23-g,JSD318,
2011-08-23-a,JSD318,
2011-08-23-i,JSD318,
2011-08-23-k,JSD318,
2009-09-24-q,JSI331,
2009-09-24-s,JSI331,
2014-07-23-g,JVC313,ADA300
2014-07-23-m,JVC313,ADA300
2013-04-05-j,JVC313,AJH303
2011-07-13-n,JVC313,AND308
2010-07-28-e,JVC313,
2011-07-29-g,JVC313,AND308
2011-07-18-n,JVC313,AND308
2014-07-23-j,JVC313,AND308
2013-07-20-a,JVC313,AND308
2013-04-05-k,JVC313,AND308
2012-08-03-h,JVC313,AND308
2014-07-23-k,JVC313,AND308
2012-07-25-i,JVC313,AND308
2011-07-13-l,JVC313,AND308
2012-08-03-r,JVC313,AND308
2012-07-27-c,JVC313,AND308
2011-07-29-p,JVC313,AND308
2012-07-30-g,JVC313,AND308
2012-07-30-b,JVC313,AND308
2011-07-29-n,JVC313,AND308
2012-07-27-t,JVC313,AND308
2013-07-20-i,JVC313,AND308
2011-07-18-h,JVC313,AND308
2014-07-24-e,JVC313,AND308
2014-07-25-a,JVC313,AND308
2014-07-23-i,JVC313,AND308
2014-07-28-j,JVC313,AND308
2013-07-21-l,JVC313,AND308
2013-07-21-q,JVC313,AND308
2012-08-03-f,JVC313,AND308
2014-07-24-f,JVC313,AND308
2012-07-18-p,JVC313,AND308
2012-07-16-h,JVC313,AND308
2012-07-27-v,JVC313,AND308
2012-07-27-q,JVC313,AND308
2012-07-18-b,JVC313,AND308
2012-07-25-v,JVC313,AND308
2012-08-03-s,JVC313,AND308
2012-07-18-f,JVC313,AND308
2012-07-18-g,JVC313,AND308
2012-07-30-e,JVC313,AND308
2012-07-18-j,JVC313,AND308
2012-07-30-c,JVC313,AND308
2012-07-18-a,JVC313,AND308
2012-07-27-s,JVC313,AND308
2011-07-18-e,JVC313,AND308
2013-07-20-c,JVC313,AND308
2014-07-25-b,JVC313,AND308
2014-07-28-e,JVC313,AND308
2013-07-20-e,JVC313,AND308
2013-07-20-f,JVC313,AND308
2010-07-30-x,JVC313,MJA312
2013-07-20-g,JVC313,AND308
2012-07-27-e,JVC313,AND308
2011-07-18-j,JVC313,AND308
2013-07-20-h,JVC313,AND308
2013-07-20-l,JVC313,AND308
2014-07-23-f,JVC313,AND308
2013-07-20-k,JVC313,AND308
2013-07-20-j,JVC313,AND308
2013-07-20-n,JVC313,AND308
2011-07-18-a,JVC313,AND308
2011-07-18-k,JVC313,AND308
2012-07-27-j,JVC313,AND308
2014-07-23-l,JVC313,AND308
2012-08-03-c,JVC313,AND308
2013-07-21-a,JVC313,AND308
2013-07-21-f,JVC313,AND308
2013-07-20-b,JVC313,AND308
2013-04-05-h,JVC313,AND308
2013-04-05-l,JVC313,AND308
2013-07-21-g,JVC313,AND308
2013-07-21-b,JVC313,AND308
2013-07-21-c,JVC313,AND308
2012-07-27-h,JVC313,AND308
2011-07-18-i,JVC313,AND308
2013-07-21-e,JVC313,AND308
2013-07-21-h,JVC313,AND308
2013-07-21-i,JVC313,AND308
2013-07-21-j,JVC313,AND308
2012-08-03-a,JVC313,AND308
2014-07-24-h,JVC313,AND308
2012-08-03-g,JVC313,AND308
2013-07-21-k,JVC313,AND308
2014-07-28-g,JVC313,AND308
2012-08-03-e,JVC313,AND308
2014-07-25-c,JVC313,AND308
2013-07-21-p,JVC313,AND308
2014-07-24-g,JVC313,AND308
2012-07-30-a,JVC313,AND308
2012-08-03-n,JVC313,AND308
2011-07-18-b,JVC313,AND308
2014-07-23-q,JVC313,AND308
2014-07-23-r,JVC313,AND308
2012-07-18-i,JVC313,AND308
2012-08-03-i,JVC313,AND308
2012-07-27-w,JVC313,AND308
2012-07-27-a,JVC313,AND308
2012-07-27-u,JVC313,AND308
2012-08-03-t,JVC313,AND308
2012-07-30-f,JVC313,AND308
2012-08-03-v,JVC313,AND308
2012-07-27-b,JVC313,AND308
2011-07-29-e,JVC313,AND308
2012-07-18-l,JVC313,AND308
2012-08-03-m,JVC313,AND308
2012-07-18-k,JVC313,AND308
2012-07-27-p,JVC313,AND308
2011-07-29-j,JVC313,AND308
2011-07-13-m,JVC313,AND308
2012-08-03-l,JVC313,AND308
2012-07-18-c,JVC313,AND308
2012-07-27-i,JVC313,AND308
2011-07-13-q,JVC313,AND308
2012-08-03-q,JVC313,AND308
2012-08-03-p,JVC313,AND308
2012-08-03-b,JVC313,AND308
2012-08-03-j,JVC313,AND308
2014-07-23-b,JVC313,AND308
2014-07-23-a,JVC313,AND308
2012-07-25-j,JVC313,AND308
2012-07-27-r,JVC313,AND308
2012-07-16-l,JVC313,AND308
2011-07-29-i,JVC313,AND308
2011-07-18-c,JVC313,AND308
2012-07-16-i,JVC313,AND308
2011-07-13-p,JVC313,AND308
2011-07-29-h,JVC313,AND308
2012-08-03-k,JVC313,AND308
2013-07-20-m,JVC313,AND308
2012-08-03-u,JVC313,EGS301
2014-07-24-a,JVC313,HS0366
2014-07-28-f,JVC313,HSO366
2014-07-24-k,JVC313,HSO366
2014-07-25-s,JVC313,HSO366
2014-07-25-n,JVC313,HSO366
2014-07-24-i,JVC313,HSO366
2014-07-25-t,JVC313,HSO366
2014-07-23-p,JVC313,HSO366
2014-07-23-n,JVC313,HSO366
2014-07-25-w,JVC313,HSO366
2011-07-29-l,JVC313,JSD318
2010-07-28-c,JVC313,MFC314
2010-07-30-y,JVC313,MJA312
2012-07-25-b,JVC313,MJT354
2012-07-25-a,JVC313,MJT354
2012-07-25-c,JVC313,MJT354
2012-07-19-g,JVC313,PMX357
2013-04-05-m,JVC313,RMM302
2010-07-28-l,JVC313,RMM302
2013-04-05-i,JVC313,RMM302
2010-07-28-a,JVC313,RMM302
2010-07-28-h,JVC313,RMM302
2010-07-28-j,JVC313,RMM302
2010-07-28-b,JVC313,RMM302
2012-07-19-p,JVC313,
2011-07-29-c,JVC313,
2012-07-16-e,JVC313,
2012-07-19-q,JVC313,
2012-07-19-c,JVC313,
2013-07-21-n,JVC313,
2012-07-18-h,JVC313,
2014-07-25-e,JVC313,
2013-07-21-m,JVC313,
2014-07-28-a,JVC313,
2012-07-19-n,JVC313,
2012-07-19-b,JVC313,
2011-07-29-k,JVC313,
2012-07-19-f,JVC313,
2012-07-24-b,JVC313,
2012-07-24-h,JVC313,
2012-07-24-a,JVC313,
2012-07-24-g,JVC313,
2010-07-28-i,JVC313,
2012-07-18-q,JVC313,
2012-07-16-g,JVC313,
2012-07-24-e,JVC313,
2012-07-24-f,JVC313,
2012-07-19-m,JVC313,
2012-07-19-e,JVC313,
2012-07-19-a,JVC313,
2014-07-23-e,JVC313,
2012-07-19-k,JVC313,
2012-07-19-j,JVC313,
2013-07-21-t,JVC313,
2011-07-25-l,MSO325,
2014-07-28-c,JVC313,
2012-07-24-c,JVC313,
2012-07-18-m,JVC313,
2012-07-18-n,JVC313,
2011-07-18-p,JVC313,
2012-07-16-f,JVC313,
2014-07-23-c,JVC313,
2012-07-16-m,JVC313,
2012-07-19-l,JVC313,
2012-07-16-k,JVC313,
2012-08-02-n,MBN359,JVC313
2010-07-27-l,MFC307,AND308
2010-07-27-n,MFC307,AND308
2010-07-27-m,MFC307,AND308
2010-07-27-k,MFC307,
2011-07-21-c,MGG317,CVH329
2011-07-21-g,MGG317,CVH329
2010-07-27-c,MGG317,JVC313
2011-07-21-a,MGG317,
2011-07-21-t,MGG317,
2011-07-21-b,MGG317,
2011-07-21-v,MGG317,
2011-07-21-u,MGG317,
2011-07-19-j,MJS324,RMM302
2011-07-19-i,MJS324,
2012-07-17-r,MSO325,RMM302
2012-07-17-l,MSO325,RMM302
2012-07-17-p,MSO325,RMM302
2012-07-17-b,MSO325,RMM302
2012-07-17-i,MSO325,
2012-07-17-a,MSO325,
2011-07-20-m,MSO325,
2012-07-23-n,RMM302,ADA300
2012-07-23-a,RMM302,FHR321
2011-07-25-b,RMM302,MSO325
2011-07-25-j,RMM302,MSO325
2011-07-25-c,RMM302,MSO325
2011-07-25-a,RMM302,MSO325
2012-07-23-g,RMM302,
2012-07-17-j,RMM302,
2012-07-17-f,RMM302,
2012-07-23-h,RMM302,
2012-07-17-e,RMM302,
2012-07-17-h,RMM302,
2009-09-22-f,RMM302,
2012-07-23-f,RMM302,
2012-07-23-b,RMM302,
2012-07-23-m,RMM302,
2012-07-17-g,RMM302,
2012-07-23-i,RMM302,
2012-07-23-c,RMM302,
2011-07-21-m,CVH329,
2011-07-21-r,CVH329,
2011-07-21-s,CVH329,
2011-07-21-k,CVH329,
2011-07-21-j,CVH329,
2011-07-21-l,CVH329,
2011-07-21-p,CVH329,
2011-07-21-i,CVH329,
2011-07-21-h,CVH329,
2011-07-21-e,CVH329,
2011-07-21-n,CVH329,
2011-07-21-q,CVH329,
2011-07-21-f,CVH329,
2011-07-27-e,MGV330,MSO325
2011-07-27-h,MGV330,MSO325
2011-07-27-g,MGV330,MSO325
2011-07-27-c,MGV330,MSO325
2011-07-27-f,MGV330,MSO325
2011-07-27-m,MGV330,RMM302
2011-07-20-b,MSG328,
2011-07-25-e,ADA300,EGS301
2011-07-19-g,MFC307,MJS324
2011-07-19-p,MFC307,MJS324
2011-07-19-b,MFC307,
2010-07-29-c,MFC307,
2010-07-27-e,MFC307,
2010-07-29-i,MFC307,
2011-07-19-a,MFC307,
2011-07-19-e,MFC307,
2010-07-27-f,MFC307,
2011-07-19-c,MFC307,
2010-07-29-f,MFC307,
2010-07-27-g,MFC307,
2011-07-19-l,MFC307,
2010-07-27-h,MFC307,
2012-07-20-k,CGN309,MJT354
2012-07-20-m,FRP353,MJT354
2012-07-25-f,JVC313,MJT354
2012-07-25-e,JVC313,MJT354
2012-07-25-g,JVC313,MJT354
2012-07-25-h,JVC313,MJT354
2012-07-24-i,MHO316,ADA300
2012-07-25-l,MJT354,ADA300
2012-07-25-k,MJT354,ADA300
2012-07-20-g,MJT354,FRP353
2012-07-20-p,MJT354,FRP353
2012-07-25-n,MJT354,JVC313
2012-07-25-u,MJT354,JVC313
2012-07-20-j,MJT354,
2012-07-20-n,MJT354,
2012-07-20-f,CGN309,FRP353
2012-07-20-q,FRP353,CGN309
2012-07-31-a,FRP353,CGN309
2012-07-31-h,FRP353,CGN309
2012-07-31-f,FRP353,CGN309
2012-07-31-g,FRP353,CGN309
2012-07-31-j,FRP353,LOS358
2012-07-31-i,FRP353,LOS358
2012-07-20-i,FRP353,MJT354
2012-07-20-l,FRP353,MJT354
2012-07-20-h,MJT354,FRP353
2011-07-18-f,HAC323,
2010-07-17-a,RMM302,
2010-07-13-h,AJH303,
2010-07-15-f,AJH303,
2010-07-16-b,AND308,
2010-07-16-a,AND308,
2010-07-16-f,AND308,
2010-07-21-h,JVC313,
2010-07-21-g,JVC313,
2010-07-21-c,JVC313,
2010-07-21-a,JVC313,
2010-07-21-j,JVC313,
2010-07-21-l,JVC313,
2010-07-21-b,JVC313,
2010-07-26-a,MGG317,FHR321
2010-07-21-n,MFC314,
2009-09-22-m,OJV360,
2010-07-15-h,ESL311,
2009-09-23-r,JSI331,
2010-07-15-b,MJA312,
2010-07-15-a,MJA312,
2011-07-20-e,MSO325,
2011-07-20-f,MSO325,
2011-07-20-g,MSO325,
2011-07-20-h,MSO325,
2011-07-20-n,MSO325,
2009-09-21-a,PGC334,
2011-07-27-i,MGV330,MSO325
2010-07-22-f,JAF315,
2011-07-19-h,MFC307,MJS324
2009-09-26-b,MFC307,
2012-07-25-m,JVC313,MJT354
2010-07-22-c,MHO316,
2008-09-10-a,MAL304,
2012-07-23-l,ADA300,RMM302
2009-09-24-e,RMM302,
2012-07-23-e,RMM302,
2011-08-22-a,JFA340,
2011-08-23-e,JSD318,
2009-09-23-c,JSI331,
2009-09-23-e,JSI331,
2009-09-24-u,JSI331,
2009-09-23-b,JSI331,
2010-07-14-j,MFM310,
2009-09-23-n,MMM335,
2009-09-25-c,MMM335,
2009-09-24-h,SSM336,
2009-09-24-m,SSM336,
2009-09-24-g,SSM336,
2009-09-24-l,SSM336,
2009-09-24-i,SSM336,
2011-07-26-c,MFC307,
2011-07-18-q,HAC323,
2008-09-10-c,GVJ306,
2009-09-22-h,MMC327,
2009-09-22-j,OJV360,
2009-09-22-l,OJV360,
2012-07-20-a,FRP353,
2010-07-15-m,AJH303,
2010-07-13-l,AJH303,
2010-07-13-a,AJH303,
2010-07-13-c,AJH303,
2010-07-13-b,AJH303,
2010-07-13-f,AJH303,
2010-07-27-j,AND308,
2010-07-14-b,AND308,
2010-07-14-a,AND308,
2010-07-14-c,AND308,
2010-07-27-i,AND308,
2012-07-26-n,CGN309,MSO325
2010-07-14-h,CGN309,
2010-07-14-e,CGN309,
2012-07-17-m,DZD352,
2010-07-15-c,ESL311,
2009-09-20-c,JSI331,
2009-09-20-a,JSI331,
2009-09-24-r,JSI331,
2012-07-18-e,JVC313,AND308
2010-07-15-g,MJA312,
2010-07-30-u,MJA312,
2010-07-30-v,MJA312,
2011-07-19-k,MJS324,
2009-09-23-l,MMM335,
2009-09-23-k,MMM335,
2011-07-25-m,MSO325,
2009-09-20-e,RMM302,
2009-09-20-f,RMM302,
2011-07-26-m,CVH329,
2011-07-26-n,CVH329,
2011-08-24-c,LFB351,
2012-07-20-b,MJT354,
2012-07-31-c,FRP353,CGN309
2012-07-31-b,FRP353,CGN309
2010-07-21-e,MFC314,
2008-09-11-i,RMM302,
2011-07-15-e,MMD322,
2011-07-15-i,MMD322,
2011-07-15-h,MMD322,
2011-07-15-c,MMD322,
2011-07-15-m,MMD322,
2011-07-15-l,MMD322,
2011-07-15-b,MMD322,
2012-07-27-m,FJG356,
2012-07-27-l,FJG356,
2012-07-27-n,FJG356,
2012-07-27-k,FJG356,
2011-08-24-h,FHR321,
2011-08-24-g,FHR321,
2012-08-02-i,MBN359,ADA300
2012-08-02-h,MBN359,ADA300
2012-08-02-g,MBN359,ADA300
2012-08-02-k,MBN359,AND308
2012-08-02-l,MBN359,AND308
2012-08-02-j,MBN359,JVC313
2011-07-13-j,AND308,JVC313
2010-07-31-h,AND308,MFC307
2010-07-31-f,AND308,
2010-07-31-g,AND308,
2010-07-31-p,AND308,
2010-07-31-l,AND308,
2010-07-31-m,AND308,
2010-07-31-c,AND308,
2010-07-14-i,CGN309,
2011-08-23-j,JSD318,
2010-07-28-m,JVC313,RMM302
2011-07-13-k,JVC313,
2009-09-22-b,RMM302,
2009-09-22-c,RMM302,
2009-09-22-a,RMM302,
2009-09-22-e,RMM302,
2011-07-26-b,CVH329,EGS301
2011-07-26-i,CVH329,
2011-07-26-f,CVH329,
2011-07-26-j,CVH329,
2011-07-26-g,CVH329,
2011-07-26-l,CVH329,
2011-07-26-k,CVH329,
2011-07-26-e,CVH329,
2011-07-26-h,CVH329,
2011-07-20-a,MSG328,
2011-07-20-k,MSG328,
2010-07-31-n,MFC307,
2011-07-20-j,MSG328,
2010-07-13-j,MFC307,
2011-07-26-a,MFC307,
2009-09-23-x,MFC307,
2009-09-24-c,MFC307,
2010-07-31-k,MFC307,
2009-09-24-b,MFC307,
2010-07-31-r,MFC307,
2009-09-23-z,MFC307,
2010-07-13-e,MFC307,
2010-07-31-j,MFC307,
2009-09-23-p,MFC307,
2009-09-23-u,MFC307,
2009-09-23-y,MFC307,
2010-07-31-i,MFC307,
2010-07-31-b,MFC307,
2009-09-23-w,MFC307,
2009-09-23-q,MFC307,
2010-07-13-i,MFC307,
2010-07-13-k,MFC307,
2009-09-23-t,MFC307,
2009-09-26-c,MFC307,
2010-07-26-z,JVC313,MGG317
2011-08-24-j,FHR321,
2011-08-17-b,FLG339,
2011-08-22-b,JEL341,
2009-09-22-i,MMC340,
2009-09-21-b,MHJ337,
2009-09-22-k,OJV360,
2009-09-22-n,OJV360,
2011-08-24-f,FHR321,
2010-07-13-g,AJH303,
2010-07-14-g,AND308,
2010-07-15-i,ESL311,
2011-08-23-b,JSD318,
2011-08-23-f,JSD318,
2011-08-23-r,JSD318,
2011-08-23-m,JSD318,
2011-08-23-h,JSD318,
2011-08-23-n,JSD318,
2009-09-24-k,JSI331,SSM336
2009-09-23-g,JSI331,
2009-09-24-t,JSI331,
2009-09-24-j,JSI331,
2009-09-24-a,JSI331,
2009-09-24-v,JSI331,
2009-09-23-j,JSI331,
2009-09-23-i,JSI331,
2009-09-23-h,JSI331,
2009-09-23-a,JSI331,
2009-09-23-m,JSI331,
2009-09-23-f,JSI331,
2011-08-23-p,LFF343,
2010-07-14-f,MFM310,
2010-07-16-e,MFM310,
2009-09-25-a,MMM335,
2009-09-25-b,MMM335,
2009-09-23-s,MMM335,
2011-07-25-k,MSO325,
2011-07-25-h,RMM302,MSO325
2009-09-20-h,RMM302,
2009-09-20-i,RMM302,
2009-09-24-n,SSM336,
2009-09-24-p,SSM336,
2011-08-23-t,JPM346,
2011-08-23-u,LMJ347,
2011-07-20-i,MSG328,
2011-07-20-c,MSG328,
2011-08-24-b,EJA350,
2011-08-24-a,JFD349,
2009-09-23-v,MFC307,
2010-07-21-f,MFC307,
2011-08-24-e,MFF319,
2009-09-25-f,MFC307,
2009-09-25-k,MFC307,
2009-09-25-g,MFC307,
2009-09-25-e,MFC307,
2009-09-25-i,MFC307,
2009-09-25-h,MFC307,
2009-09-25-j,MFC307,
2009-09-22-g,JEG326,
2010-07-22-e,MHO316,
2009-09-26-f,LBB332,
2009-09-26-a,MOG333,
2009-09-26-e,MOG333,
2012-07-19-i,PMX357,
2012-07-19-h,PMX357,
2011-07-20-l,MSG328,
2011-08-17-a,MOJ338,
2008-09-10-b,PAL305,
2011-08-22-c,MPL341,
2010-07-15-j,MJA312,
2010-07-30-w,MJA312,
2009-09-24-f,RMM302,
2011-08-23-q,PFP348,
2010-07-21-p,MFC307,
2012-07-25-t,MJT354,
2010-07-28-k,MFC314,
2010-07-28-g,MFC314,
2010-07-17-b,RMM302,
2010-07-28-n,JVC313,
2013-04-04-c,ADA300,RMM302
2013-04-05-f,AJH303,AND308
2013-04-05-g,AJH303,AND308
2013-04-04-f,AJH303,AND308
2013-04-04-h,AJH303,RMM302
2013-04-05-c,AJH303,RMM302
2013-04-04-m,AJH303,RMM302
2010-07-22-p,AND308,JAF315
2010-07-22-q,AND308,JAF315
2010-07-22-j,AND308,MHO316
2010-07-22-i,AND308,MHO316
2010-07-22-h,AND308,MHO316
2010-07-16-c,AND308,PSC320
2010-07-22-b,AND308,
2010-07-22-n,AND308,
2010-07-22-a,AND308,
2010-07-22-k,AND308,
2010-07-22-g,AND308,
2010-07-22-m,AND308,
2010-07-22-l,AND308,
2010-07-26-v,JVC313,FHR321
2010-07-26-s,JVC313,FHR321
2010-07-26-r,JVC313,MGG317
2010-07-26-y,JVC313,MGG317
2010-07-26-x,JVC313,MGG317
2013-04-04-k,JVC313,AJH303
2013-04-04-b,JVC313,AND308
2013-04-05-a,JVC313,AND308
2013-04-04-i,JVC313,AND308
2013-04-05-b,JVC313,AND308
2013-04-04-l,JVC313,AND308
2010-07-26-q,JVC313,FHR321
2010-07-26-p,JVC313,FHR321
2010-07-31-a,JVC313,MJA312
2013-04-05-e,JVC313,RMM302
2013-04-04-g,JVC313,RMM302
2013-04-04-e,JVC313,RMM302
2010-07-21-i,JVC313,
2010-07-26-l,JVC313,
2012-07-27-f,JVC313,
2010-07-21-k,JVC313,
2010-07-30-t,JVC313,
2010-07-27-a,JVC313,
2010-07-26-u,JVC313,
2010-07-30-m,JVC313,
2010-07-30-i,JVC313,
2010-07-30-z,JVC313,
2010-07-30-h,JVC313,
2010-07-30-n,JVC313,
2010-07-21-m,JVC313,
2010-07-30-s,JVC313,
2010-07-30-b,JVC313,
2010-07-30-r,JVC313,
2010-07-30-j,JVC313,
2010-07-26-n,JVC313,
2010-07-30-c,JVC313,
2010-07-26-t,JVC313,
2010-07-26-m,JVC313,
2010-07-30-f,JVC313,
2010-07-30-e,JVC313,
2010-07-30-a,JVC313,
2010-07-30-q,JVC313,
2010-07-30-p,JVC313,
2010-07-30-k,JVC313,
2010-07-30-g,JVC313,
2010-07-30-l,JVC313,
2010-07-27-b,MGG317,FHR321
2010-07-26-h,MGG317,JVC313
2010-07-26-i,MGG317,JVC313
2010-07-26-e,MGG317,JVC313
2010-07-26-j,MGG317,JVC313
2010-07-26-b,MGG317,JVC313
2010-07-26-f,MGG317,JVC313
2010-07-26-g,MGG317,JVC313
2010-07-26-c,MGG317,JVC313
2010-07-26-k,MGG317,JVC313
2013-04-04-a,RMM302,AJH303
2013-04-04-j,RMM302,AND308
2010-07-20-h,PSC320,
2010-07-20-m,PSC320,
2010-07-20-e,PSC320,
2010-07-20-l,PSC320,
2010-07-20-a,PSC320,
2010-07-20-f,PSC320,
2010-07-20-k,PSC320,
2010-07-20-i,PSC320,
2010-07-20-c,PSC320,
2010-07-20-b,PSC320,
2010-07-20-g,PSC320,
2010-07-20-j,PSC320,
2013-04-04-j,RMM302,AND308
2010-07-26-w,JVC313,FHR321
