timestamp, index, power.draw [W], utilization.gpu [%], utilization.memory [%], memory.used [MiB], temperature.gpu, clocks.current.sm [MHz]
2026/08/28 23:49:20.721, 0, 71.41, 0, 0, 1, 36, 345
2026/08/28 23:49:20.721, 1, 69.74, 0, 0, 1, 29, 345
2026/08/28 23:49:20.722, 2, 71.90, 0, 0, 1, 28, 345
2026/08/28 23:49:20.722, 3, 72.14, 0, 0, 1, 36, 345
2026/08/28 23:49:20.722, 4, 72.89, 0, 0, 1, 37, 345
2026/08/28 23:49:20.722, 5, 71.18, 0, 0, 1, 30, 345
2026/08/28 23:49:20.723, 6, 72.76, 0, 0, 1, 35, 345
2026/08/28 23:49:20.723, 7, 73.45, 0, 0, 1, 28, 345
2026/08/28 23:49:25.723, 0, 71.31, 0, 0, 1, 36, 345
2026/08/28 23:49:25.723, 1, 69.76, 0, 0, 1, 29, 345
2026/08/28 23:49:25.723, 2, 71.87, 0, 0, 1, 28, 345
2026/08/28 23:49:25.723, 3, 72.05, 0, 0, 1, 35, 345
2026/08/28 23:49:25.723, 4, 72.73, 0, 0, 1, 37, 345
2026/08/28 23:49:25.724, 5, 71.16, 0, 0, 1, 30, 345
2026/08/28 23:49:25.724, 6, 72.69, 0, 0, 1, 35, 345
2026/08/28 23:49:25.724, 7, 73.43, 0, 0, 1, 28, 345
2026/08/28 23:49:30.724, 0, 71.22, 0, 0, 4, 36, 345
2026/08/28 23:49:30.724, 1, 69.71, 0, 0, 4, 28, 345
2026/08/28 23:49:30.724, 2, 71.86, 0, 0, 4, 27, 345
2026/08/28 23:49:30.724, 3, 71.96, 0, 0, 4, 35, 345
2026/08/28 23:49:30.724, 4, 72.68, 0, 0, 4, 37, 345
2026/08/28 23:49:30.724, 5, 71.14, 0, 0, 4, 30, 345
2026/08/28 23:49:30.724, 6, 72.59, 0, 0, 4, 34, 345
2026/08/28 23:49:30.724, 7, 73.39, 0, 0, 4, 28, 345
2026/08/28 23:49:35.725, 0, 71.30, 0, 0, 4, 35, 345
2026/08/28 23:49:35.725, 1, 69.71, 0, 0, 4, 28, 345
2026/08/28 23:49:35.725, 2, 71.85, 0, 0, 4, 27, 345
2026/08/28 23:49:35.725, 3, 71.86, 0, 0, 4, 35, 345
2026/08/28 23:49:35.725, 4, 72.59, 0, 0, 4, 36, 345
2026/08/28 23:49:35.725, 5, 71.10, 0, 0, 4, 30, 345
2026/08/28 23:49:35.725, 6, 72.57, 0, 0, 4, 34, 345
2026/08/28 23:49:35.725, 7, 73.39, 0, 0, 4, 27, 345
2026/08/28 23:49:40.725, 0, 71.23, 0, 0, 4, 35, 345
2026/08/28 23:49:40.726, 1, 69.68, 0, 0, 4, 28, 345
2026/08/28 23:49:40.730, 2, 71.80, 0, 0, 4, 27, 345
2026/08/28 23:49:40.733, 3, 71.76, 0, 0, 4, 34, 345
2026/08/28 23:49:40.736, 4, 72.48, 0, 0, 4, 36, 345
2026/08/28 23:49:40.741, 5, 71.13, 0, 0, 4, 30, 345
2026/08/28 23:49:40.747, 6, 72.59, 0, 0, 4, 34, 345
2026/08/28 23:49:40.747, 7, 73.23, 0, 0, 4, 27, 345
2026/08/28 23:49:45.748, 0, 71.14, 0, 0, 4, 35, 345
2026/08/28 23:49:45.748, 1, 69.67, 0, 0, 4, 28, 345
2026/08/28 23:49:45.748, 2, 71.77, 0, 0, 4, 27, 345
2026/08/28 23:49:45.748, 3, 71.66, 0, 0, 4, 34, 345
2026/08/28 23:49:45.748, 4, 72.41, 0, 0, 4, 36, 345
2026/08/28 23:49:45.748, 5, 71.08, 0, 0, 4, 30, 345
2026/08/28 23:49:45.748, 6, 72.54, 0, 0, 4, 34, 345
2026/08/28 23:49:45.749, 7, 73.26, 0, 0, 4, 27, 345
2026/08/28 23:49:50.749, 0, 121.25, 0, 0, 530, 36, 1980
2026/08/28 23:49:50.749, 1, 112.94, 0, 0, 530, 29, 1980
2026/08/28 23:49:50.749, 2, 113.87, 0, 0, 530, 28, 1980
2026/08/28 23:49:50.749, 3, 119.51, 0, 0, 530, 35, 1980
2026/08/28 23:49:50.749, 4, 118.79, 0, 0, 530, 37, 1980
2026/08/28 23:49:50.749, 5, 117.86, 0, 0, 530, 31, 1980
2026/08/28 23:49:50.749, 6, 120.31, 0, 0, 530, 35, 1980
2026/08/28 23:49:50.749, 7, 119.88, 0, 0, 530, 28, 1980
2026/08/28 23:49:55.750, 0, 121.25, 0, 0, 1752, 36, 1980
2026/08/28 23:49:55.750, 1, 112.93, 0, 0, 1752, 29, 1980
2026/08/28 23:49:55.750, 2, 113.99, 0, 0, 1752, 29, 1980
2026/08/28 23:49:55.750, 3, 119.48, 0, 0, 1752, 35, 1980
2026/08/28 23:49:55.750, 4, 118.80, 0, 0, 1752, 37, 1980
2026/08/28 23:49:55.750, 5, 117.97, 0, 0, 1752, 31, 1980
2026/08/28 23:49:55.750, 6, 120.26, 0, 0, 1752, 35, 1980
2026/08/28 23:49:55.750, 7, 120.17, 0, 0, 1752, 29, 1980
2026/08/28 23:50:00.750, 0, 121.32, 0, 0, 2192, 36, 1980
2026/08/28 23:50:00.752, 1, 113.11, 0, 0, 2192, 30, 1980
2026/08/28 23:50:00.752, 2, 114.07, 1, 0, 2192, 29, 1980
2026/08/28 23:50:00.752, 3, 119.55, 0, 0, 2192, 35, 1980
2026/08/28 23:50:00.753, 4, 118.85, 1, 0, 2192, 37, 1980
2026/08/28 23:50:00.754, 5, 118.13, 1, 0, 2192, 31, 1980
2026/08/28 23:50:00.755, 6, 120.40, 0, 0, 2192, 35, 1980
2026/08/28 23:50:00.755, 7, 120.11, 0, 0, 2192, 29, 1980
2026/08/28 23:50:05.756, 0, 121.47, 0, 0, 3944, 36, 1980
2026/08/28 23:50:05.757, 1, 113.76, 0, 0, 3944, 30, 1980
2026/08/28 23:50:05.757, 2, 114.17, 0, 0, 3944, 29, 1980
2026/08/28 23:50:05.757, 3, 119.59, 0, 0, 3944, 35, 1980
2026/08/28 23:50:05.757, 4, 119.01, 0, 0, 3944, 37, 1980
2026/08/28 23:50:05.757, 5, 118.22, 0, 0, 3944, 31, 1980
2026/08/28 23:50:05.757, 6, 120.46, 0, 0, 3944, 35, 1980
2026/08/28 23:50:05.757, 7, 120.42, 0, 0, 3944, 29, 1980
2026/08/28 23:50:10.757, 0, 121.40, 0, 0, 3944, 36, 1980
2026/08/28 23:50:10.757, 1, 113.79, 0, 0, 3944, 30, 1980
2026/08/28 23:50:10.757, 2, 114.24, 0, 0, 3944, 29, 1980
2026/08/28 23:50:10.757, 3, 119.63, 0, 0, 3944, 35, 1980
2026/08/28 23:50:10.757, 4, 118.94, 0, 0, 3944, 37, 1980
2026/08/28 23:50:10.757, 5, 118.29, 0, 0, 3944, 31, 1980
2026/08/28 23:50:10.758, 6, 120.44, 0, 0, 3944, 35, 1980
2026/08/28 23:50:10.758, 7, 120.42, 0, 0, 3944, 29, 1980
2026/08/28 23:50:15.758, 0, 121.42, 0, 0, 3944, 36, 1980
2026/08/28 23:50:15.758, 1, 113.78, 0, 0, 3944, 30, 1980
2026/08/28 23:50:15.758, 2, 114.22, 0, 0, 3944, 29, 1980
2026/08/28 23:50:15.758, 3, 119.57, 0, 0, 3944, 35, 1980
2026/08/28 23:50:15.758, 4, 118.98, 0, 0, 3944, 37, 1980
2026/08/28 23:50:15.758, 5, 118.31, 0, 0, 3944, 31, 1980
2026/08/28 23:50:15.758, 6, 120.42, 0, 0, 3944, 35, 1980
2026/08/28 23:50:15.758, 7, 120.31, 0, 0, 3944, 29, 1980
2026/08/28 23:50:20.759, 0, 120.62, 0, 0, 3944, 36, 1980
2026/08/28 23:50:20.759, 1, 113.84, 0, 0, 3944, 30, 1980
2026/08/28 23:50:20.759, 2, 114.26, 0, 0, 3944, 29, 1980
2026/08/28 23:50:20.759, 3, 119.60, 0, 0, 3944, 35, 1980
2026/08/28 23:50:20.759, 4, 118.93, 0, 0, 3944, 37, 1980
2026/08/28 23:50:20.759, 5, 118.32, 0, 0, 3944, 32, 1980
2026/08/28 23:50:20.759, 6, 120.45, 0, 0, 3944, 35, 1980
2026/08/28 23:50:20.759, 7, 120.58, 0, 0, 3944, 29, 1980
2026/08/28 23:50:25.759, 0, 120.62, 0, 0, 3944, 36, 1980
2026/08/28 23:50:25.760, 1, 113.76, 0, 0, 3944, 30, 1980
2026/08/28 23:50:25.760, 2, 114.26, 0, 0, 3944, 29, 1980
2026/08/28 23:50:25.760, 3, 119.56, 0, 0, 3944, 35, 1980
2026/08/28 23:50:25.760, 4, 118.98, 0, 0, 3944, 37, 1980
2026/08/28 23:50:25.760, 5, 118.33, 0, 0, 3944, 32, 1980
2026/08/28 23:50:25.760, 6, 120.49, 0, 0, 3944, 35, 1980
2026/08/28 23:50:25.760, 7, 120.38, 0, 0, 3944, 29, 1980
2026/08/28 23:50:30.760, 0, 120.68, 0, 0, 3944, 36, 1980
2026/08/28 23:50:30.760, 1, 113.85, 0, 0, 3944, 30, 1980
2026/08/28 23:50:30.760, 2, 114.29, 0, 0, 3944, 29, 1980
2026/08/28 23:50:30.760, 3, 119.61, 0, 0, 3944, 35, 1980
2026/08/28 23:50:30.760, 4, 119.00, 0, 0, 3944, 37, 1980
2026/08/28 23:50:30.760, 5, 118.37, 0, 0, 3944, 32, 1980
2026/08/28 23:50:30.760, 6, 120.47, 0, 0, 3944, 35, 1980
2026/08/28 23:50:30.760, 7, 120.55, 0, 0, 3944, 29, 1980
2026/08/28 23:50:35.761, 0, 120.66, 0, 0, 3944, 36, 1980
2026/08/28 23:50:35.762, 1, 113.85, 0, 0, 3944, 30, 1980
2026/08/28 23:50:35.764, 2, 114.30, 0, 0, 3944, 29, 1980
2026/08/28 23:50:35.765, 3, 119.62, 0, 0, 3944, 35, 1980
2026/08/28 23:50:35.766, 4, 119.07, 0, 0, 3944, 37, 1980
2026/08/28 23:50:35.767, 5, 118.43, 0, 0, 3944, 32, 1980
2026/08/28 23:50:35.769, 6, 120.50, 0, 0, 3944, 35, 1980
2026/08/28 23:50:35.770, 7, 120.67, 0, 0, 3944, 29, 1980
2026/08/28 23:50:40.771, 0, 120.58, 0, 0, 3944, 36, 1980
2026/08/28 23:50:40.772, 1, 113.85, 0, 0, 3944, 30, 1980
2026/08/28 23:50:40.772, 2, 114.29, 0, 0, 3944, 29, 1980
2026/08/28 23:50:40.772, 3, 119.59, 0, 0, 3944, 35, 1980
2026/08/28 23:50:40.772, 4, 119.03, 0, 0, 3944, 37, 1980
2026/08/28 23:50:40.772, 5, 118.37, 0, 0, 3944, 32, 1980
2026/08/28 23:50:40.772, 6, 120.41, 0, 0, 3944, 35, 1980
2026/08/28 23:50:40.772, 7, 120.37, 0, 0, 3944, 29, 1980
2026/08/28 23:50:45.772, 0, 120.59, 0, 0, 3944, 36, 1980
2026/08/28 23:50:45.772, 1, 113.83, 0, 0, 3944, 30, 1980
2026/08/28 23:50:45.772, 2, 114.27, 0, 0, 3944, 29, 1980
2026/08/28 23:50:45.772, 3, 119.57, 0, 0, 3944, 35, 1980
2026/08/28 23:50:45.772, 4, 119.00, 0, 0, 3944, 37, 1980
2026/08/28 23:50:45.772, 5, 118.36, 0, 0, 3944, 32, 1980
2026/08/28 23:50:45.772, 6, 120.46, 0, 0, 3944, 35, 1980
2026/08/28 23:50:45.773, 7, 120.61, 0, 0, 3944, 29, 1980
2026/08/28 23:50:50.773, 0, 120.60, 0, 0, 3944, 36, 1980
2026/08/28 23:50:50.773, 1, 113.84, 0, 0, 3944, 30, 1980
2026/08/28 23:50:50.773, 2, 114.28, 0, 0, 3944, 29, 1980
2026/08/28 23:50:50.773, 3, 119.52, 0, 0, 3944, 35, 1980
2026/08/28 23:50:50.773, 4, 119.03, 0, 0, 3944, 37, 1980
2026/08/28 23:50:50.773, 5, 118.41, 0, 0, 3944, 32, 1980
2026/08/28 23:50:50.773, 6, 120.44, 0, 0, 3944, 35, 1980
2026/08/28 23:50:50.773, 7, 120.40, 0, 0, 3944, 29, 1980
2026/08/28 23:50:55.774, 0, 120.58, 0, 0, 3944, 36, 1980
2026/08/28 23:50:55.774, 1, 113.87, 0, 0, 3944, 30, 1980
2026/08/28 23:50:55.774, 2, 114.30, 0, 0, 3944, 29, 1980
2026/08/28 23:50:55.774, 3, 119.55, 0, 0, 3944, 35, 1980
2026/08/28 23:50:55.774, 4, 118.97, 0, 0, 3944, 37, 1980
2026/08/28 23:50:55.774, 5, 118.39, 0, 0, 3944, 32, 1980
2026/08/28 23:50:55.774, 6, 120.45, 0, 0, 3944, 35, 1980
2026/08/28 23:50:55.774, 7, 120.73, 0, 0, 3944, 29, 1980
2026/08/28 23:51:00.774, 0, 120.64, 0, 0, 3944, 36, 1980
2026/08/28 23:51:00.775, 1, 113.89, 0, 0, 3944, 30, 1980
2026/08/28 23:51:00.775, 2, 114.31, 0, 0, 3944, 29, 1980
2026/08/28 23:51:00.777, 3, 119.54, 0, 0, 3944, 35, 1980
2026/08/28 23:51:00.778, 4, 119.01, 0, 0, 3944, 37, 1980
2026/08/28 23:51:00.780, 5, 118.41, 0, 0, 3944, 32, 1980
2026/08/28 23:51:00.781, 6, 120.44, 0, 0, 3944, 35, 1980
2026/08/28 23:51:00.782, 7, 120.41, 0, 0, 3944, 29, 1980
2026/08/28 23:51:05.783, 0, 120.60, 0, 0, 3944, 36, 1980
2026/08/28 23:51:05.783, 1, 113.88, 0, 0, 3944, 30, 1980
2026/08/28 23:51:05.783, 2, 114.26, 0, 0, 3944, 29, 1980
2026/08/28 23:51:05.783, 3, 119.54, 0, 0, 3944, 35, 1980
2026/08/28 23:51:05.783, 4, 118.97, 0, 0, 3944, 37, 1980
2026/08/28 23:51:05.783, 5, 118.42, 0, 0, 3944, 32, 1980
2026/08/28 23:51:05.783, 6, 120.38, 0, 0, 3944, 35, 1980
2026/08/28 23:51:05.783, 7, 120.71, 0, 0, 3944, 29, 1980
2026/08/28 23:51:10.784, 0, 120.60, 0, 0, 3944, 36, 1980
2026/08/28 23:51:10.784, 1, 113.89, 0, 0, 3944, 30, 1980
2026/08/28 23:51:10.784, 2, 114.28, 0, 0, 3944, 29, 1980
2026/08/28 23:51:10.784, 3, 119.51, 0, 0, 3944, 35, 1980
2026/08/28 23:51:10.784, 4, 119.00, 0, 0, 3944, 37, 1980
2026/08/28 23:51:10.784, 5, 118.47, 0, 0, 3944, 32, 1980
2026/08/28 23:51:10.784, 6, 120.39, 0, 0, 3944, 35, 1980
2026/08/28 23:51:10.784, 7, 120.49, 0, 0, 3944, 29, 1980
2026/08/28 23:51:15.784, 0, 120.62, 0, 0, 3944, 36, 1980
2026/08/28 23:51:15.796, 1, 113.91, 0, 0, 3944, 30, 1980
2026/08/28 23:51:15.849, 2, 114.32, 0, 0, 3944, 29, 1980
2026/08/28 23:51:15.854, 3, 119.53, 0, 0, 3944, 35, 1980
2026/08/28 23:51:15.860, 4, 119.06, 0, 0, 3944, 37, 1980
2026/08/28 23:51:15.862, 5, 118.51, 0, 0, 3944, 32, 1980
2026/08/28 23:51:15.865, 6, 120.43, 0, 0, 3944, 35, 1980
2026/08/28 23:51:15.868, 7, 120.82, 0, 0, 3944, 29, 1980
2026/08/28 23:51:20.871, 0, 120.60, 0, 0, 3944, 36, 1980
2026/08/28 23:51:20.871, 1, 113.89, 0, 0, 3944, 30, 1980
2026/08/28 23:51:20.872, 2, 114.30, 0, 0, 3944, 29, 1980
2026/08/28 23:51:20.873, 3, 119.51, 0, 0, 3944, 35, 1980
2026/08/28 23:51:20.874, 4, 118.99, 0, 0, 3944, 37, 1980
2026/08/28 23:51:20.875, 5, 118.47, 0, 0, 3944, 32, 1980
2026/08/28 23:51:20.876, 6, 120.40, 0, 0, 3944, 35, 1980
2026/08/28 23:51:20.877, 7, 120.07, 0, 0, 3944, 29, 1980
2026/08/28 23:51:25.878, 0, 120.55, 0, 0, 3944, 36, 1980
2026/08/28 23:51:25.878, 1, 113.93, 0, 0, 3944, 30, 1980
2026/08/28 23:51:25.878, 2, 114.29, 0, 0, 3944, 29, 1980
2026/08/28 23:51:25.878, 3, 119.50, 0, 0, 3944, 35, 1980
2026/08/28 23:51:25.878, 4, 118.98, 0, 0, 3944, 37, 1980
2026/08/28 23:51:25.878, 5, 118.43, 0, 0, 3944, 32, 1980
2026/08/28 23:51:25.878, 6, 120.36, 0, 0, 3944, 35, 1980
2026/08/28 23:51:25.878, 7, 120.65, 0, 0, 3944, 29, 1980
2026/08/28 23:51:30.879, 0, 120.56, 0, 0, 3944, 36, 1980
2026/08/28 23:51:30.879, 1, 113.92, 0, 0, 3944, 30, 1980
2026/08/28 23:51:30.879, 2, 114.32, 0, 0, 3944, 29, 1980
2026/08/28 23:51:30.879, 3, 119.48, 0, 0, 3944, 35, 1980
2026/08/28 23:51:30.880, 4, 118.99, 0, 0, 3944, 37, 1980
2026/08/28 23:51:30.880, 5, 118.45, 0, 0, 3944, 32, 1980
2026/08/28 23:51:30.880, 6, 120.38, 0, 0, 3944, 35, 1980
2026/08/28 23:51:30.880, 7, 120.61, 0, 0, 3944, 29, 1980
2026/08/28 23:51:35.881, 0, 120.57, 0, 0, 3944, 36, 1980
2026/08/28 23:51:35.881, 1, 113.35, 0, 0, 3944, 30, 1980
2026/08/28 23:51:35.881, 2, 114.31, 0, 0, 3944, 29, 1980
2026/08/28 23:51:35.881, 3, 119.51, 0, 0, 3944, 35, 1980
2026/08/28 23:51:35.881, 4, 119.00, 0, 0, 3944, 37, 1980
2026/08/28 23:51:35.881, 5, 118.46, 0, 0, 3944, 32, 1980
2026/08/28 23:51:35.881, 6, 120.34, 0, 0, 3944, 35, 1980
2026/08/28 23:51:35.881, 7, 120.50, 0, 0, 3944, 29, 1980
2026/08/28 23:51:40.882, 0, 120.56, 0, 0, 3944, 36, 1980
2026/08/28 23:51:40.882, 1, 113.34, 0, 0, 3944, 30, 1980
2026/08/28 23:51:40.883, 2, 114.31, 0, 0, 3944, 29, 1980
2026/08/28 23:51:40.883, 3, 119.51, 0, 0, 3944, 35, 1980
2026/08/28 23:51:40.883, 4, 118.99, 0, 0, 3944, 37, 1980
2026/08/28 23:51:40.883, 5, 118.48, 0, 0, 3944, 32, 1980
2026/08/28 23:51:40.883, 6, 120.32, 0, 0, 3944, 35, 1980
2026/08/28 23:51:40.883, 7, 120.65, 0, 0, 3944, 29, 1980
2026/08/28 23:51:45.885, 0, 120.52, 0, 0, 3944, 36, 1980
2026/08/28 23:51:45.885, 1, 113.33, 0, 0, 3944, 30, 1980
2026/08/28 23:51:45.885, 2, 114.35, 0, 0, 3944, 29, 1980
2026/08/28 23:51:45.885, 3, 119.49, 0, 0, 3944, 35, 1980
2026/08/28 23:51:45.885, 4, 119.02, 0, 0, 3944, 37, 1980
2026/08/28 23:51:45.885, 5, 118.47, 0, 0, 3944, 32, 1980
2026/08/28 23:51:45.885, 6, 120.43, 0, 0, 3944, 35, 1980
2026/08/28 23:51:45.885, 7, 120.54, 0, 0, 3944, 29, 1980
2026/08/28 23:51:50.886, 0, 140.47, 9, 3, 32120, 36, 1980
2026/08/28 23:51:50.890, 1, 136.24, 4, 1, 32120, 31, 1980
2026/08/28 23:51:50.892, 2, 128.12, 100, 0, 32080, 30, 1980
2026/08/28 23:51:50.895, 3, 136.61, 69, 1, 29806, 35, 1980
2026/08/28 23:51:50.896, 4, 130.20, 100, 0, 29806, 37, 1980
2026/08/28 23:51:50.898, 5, 128.12, 100, 0, 29806, 32, 1980
2026/08/28 23:51:50.898, 6, 128.86, 100, 0, 29806, 35, 1980
2026/08/28 23:51:50.898, 7, 140.82, 85, 0, 29806, 30, 1980
2026/08/28 23:51:55.898, 0, 470.40, 92, 59, 35740, 46, 1980
2026/08/28 23:51:55.898, 1, 446.87, 90, 54, 35740, 42, 1980
2026/08/28 23:51:55.899, 2, 448.38, 90, 64, 35738, 41, 1980
2026/08/28 23:51:55.899, 3, 443.08, 93, 51, 35098, 44, 1980
2026/08/28 23:51:55.899, 4, 433.04, 92, 66, 33756, 45, 1980
2026/08/28 23:51:55.899, 5, 454.99, 94, 64, 33756, 42, 1980
2026/08/28 23:51:55.899, 6, 447.76, 91, 66, 33332, 42, 1980
2026/08/28 23:51:55.899, 7, 440.92, 93, 52, 32612, 39, 1980
2026/08/28 23:52:00.899, 0, 464.57, 88, 54, 36142, 46, 1980
2026/08/28 23:52:00.899, 1, 434.63, 92, 57, 35802, 43, 1980
2026/08/28 23:52:00.899, 2, 437.85, 53, 35, 35738, 42, 1980
2026/08/28 23:52:00.899, 3, 439.16, 96, 53, 35098, 45, 1980
2026/08/28 23:52:00.899, 4, 435.14, 56, 32, 34016, 47, 1980
2026/08/28 23:52:00.899, 5, 425.05, 63, 40, 33756, 41, 1980
2026/08/28 23:52:00.899, 6, 436.60, 47, 25, 33532, 44, 1980
2026/08/28 23:52:00.899, 7, 435.57, 100, 60, 33692, 39, 1980
2026/08/28 23:52:05.900, 0, 467.44, 87, 60, 36142, 50, 1980
2026/08/28 23:52:05.900, 1, 448.05, 90, 64, 35802, 45, 1980
2026/08/28 23:52:05.900, 2, 454.24, 87, 47, 35738, 43, 1980
2026/08/28 23:52:05.900, 3, 455.79, 89, 66, 35098, 48, 1980
2026/08/28 23:52:05.900, 4, 438.93, 91, 50, 34678, 49, 1980
2026/08/28 23:52:05.900, 5, 441.35, 95, 56, 34256, 45, 1980
2026/08/28 23:52:05.900, 6, 452.57, 92, 49, 34032, 46, 1980
2026/08/28 23:52:05.900, 7, 447.40, 88, 66, 34114, 42, 1980
2026/08/28 23:52:10.901, 0, 479.51, 91, 58, 36142, 51, 1980
2026/08/28 23:52:10.901, 1, 445.12, 89, 67, 35902, 47, 1980
2026/08/28 23:52:10.901, 2, 449.43, 94, 72, 35738, 46, 1980
2026/08/28 23:52:10.901, 3, 462.43, 86, 69, 35098, 50, 1980
2026/08/28 23:52:10.901, 4, 442.50, 76, 53, 34678, 51, 1980
2026/08/28 23:52:10.901, 5, 450.25, 92, 70, 34256, 47, 1980
2026/08/28 23:52:10.901, 6, 450.52, 73, 49, 34034, 49, 1980
2026/08/28 23:52:10.904, 7, 453.54, 85, 67, 34114, 45, 1980
2026/08/28 23:52:15.904, 0, 468.91, 95, 51, 36142, 51, 1980
2026/08/28 23:52:15.907, 1, 441.88, 86, 51, 35902, 47, 1980
2026/08/28 23:52:15.911, 2, 444.08, 80, 40, 35738, 45, 1980
2026/08/28 23:52:15.914, 3, 451.84, 90, 55, 35278, 51, 1980
2026/08/28 23:52:15.914, 4, 426.81, 60, 40, 34838, 52, 1980
2026/08/28 23:52:15.916, 5, 449.59, 64, 34, 34256, 47, 1980
2026/08/28 23:52:15.919, 6, 450.90, 34, 21, 34034, 51, 1980
2026/08/28 23:52:15.921, 7, 437.51, 95, 58, 34114, 44, 1980
2026/08/28 23:52:20.922, 0, 480.49, 91, 56, 36142, 55, 1980
2026/08/28 23:52:20.923, 1, 458.65, 64, 37, 35902, 47, 1980
2026/08/28 23:52:20.923, 2, 468.00, 92, 72, 35738, 48, 1980
2026/08/28 23:52:20.923, 3, 453.99, 92, 65, 35278, 52, 1980
2026/08/28 23:52:20.923, 4, 447.41, 88, 59, 34898, 52, 1980
2026/08/28 23:52:20.923, 5, 453.96, 87, 59, 34256, 49, 1980
2026/08/28 23:52:20.924, 6, 458.95, 86, 54, 34034, 50, 1980
2026/08/28 23:52:20.924, 7, 457.45, 89, 63, 34114, 46, 1980
2026/08/28 23:52:25.924, 0, 492.55, 88, 54, 36142, 55, 1980
2026/08/28 23:52:25.924, 1, 469.13, 56, 34, 35902, 49, 1980
2026/08/28 23:52:25.924, 2, 473.56, 85, 67, 35738, 48, 1980
2026/08/28 23:52:25.924, 3, 472.11, 64, 34, 35280, 53, 1980
2026/08/28 23:52:25.924, 4, 461.29, 93, 74, 34898, 55, 1980
2026/08/28 23:52:25.925, 5, 455.94, 61, 37, 34256, 48, 1980
2026/08/28 23:52:25.925, 6, 475.57, 95, 66, 34114, 53, 1980
2026/08/28 23:52:25.925, 7, 472.03, 77, 36, 34134, 47, 1980
2026/08/28 23:52:30.925, 0, 488.73, 95, 59, 36142, 58, 1980
2026/08/28 23:52:30.925, 1, 468.35, 99, 64, 35902, 50, 1980
2026/08/28 23:52:30.925, 2, 478.43, 96, 75, 35738, 49, 1980
2026/08/28 23:52:30.925, 3, 472.56, 100, 59, 35280, 55, 1980
2026/08/28 23:52:30.925, 4, 466.71, 95, 64, 34898, 56, 1980
2026/08/28 23:52:30.925, 5, 468.52, 55, 35, 34818, 49, 1980
2026/08/28 23:52:30.926, 6, 472.96, 54, 30, 34114, 53, 1980
2026/08/28 23:52:30.926, 7, 473.53, 100, 63, 34134, 45, 1980
2026/08/28 23:52:35.927, 0, 494.18, 76, 45, 36142, 56, 1980
2026/08/28 23:52:35.928, 1, 460.06, 50, 33, 35902, 50, 1980
2026/08/28 23:52:35.928, 2, 459.22, 91, 67, 35738, 48, 1980
2026/08/28 23:52:35.928, 3, 479.92, 52, 33, 35280, 56, 1980
2026/08/28 23:52:35.928, 4, 454.30, 91, 55, 34898, 56, 1980
2026/08/28 23:52:35.928, 5, 456.64, 90, 64, 34818, 49, 1980
2026/08/28 23:52:35.928, 6, 468.83, 91, 55, 34114, 56, 1980
2026/08/28 23:52:35.928, 7, 462.79, 60, 35, 34134, 48, 1980
2026/08/28 23:52:40.928, 0, 493.25, 67, 41, 36142, 60, 1980
2026/08/28 23:52:40.928, 1, 458.69, 88, 66, 35902, 51, 1980
2026/08/28 23:52:40.928, 2, 469.17, 88, 54, 35738, 48, 1980
2026/08/28 23:52:40.928, 3, 489.25, 50, 31, 35280, 58, 1980
2026/08/28 23:52:40.928, 4, 470.18, 96, 43, 34898, 58, 1980
2026/08/28 23:52:40.928, 5, 467.32, 92, 44, 34818, 49, 1980
2026/08/28 23:52:40.929, 6, 469.29, 97, 45, 34114, 56, 1980
2026/08/28 23:52:40.929, 7, 446.51, 62, 32, 34134, 48, 1980
2026/08/28 23:52:45.929, 0, 487.96, 91, 58, 36142, 60, 1980
2026/08/28 23:52:45.937, 1, 472.01, 87, 54, 35902, 49, 1980
2026/08/28 23:52:45.941, 2, 481.12, 66, 39, 35738, 49, 1980
2026/08/28 23:52:45.943, 3, 486.70, 95, 62, 35280, 58, 1980
2026/08/28 23:52:45.953, 4, 473.50, 62, 42, 34898, 57, 1980
2026/08/28 23:52:45.960, 5, 465.99, 59, 35, 34818, 51, 1980
2026/08/28 23:52:45.962, 6, 477.18, 87, 53, 34114, 56, 1980
2026/08/28 23:52:45.962, 7, 459.79, 96, 75, 34134, 49, 1980
2026/08/28 23:52:50.971, 0, 473.30, 52, 31, 36142, 60, 1980
2026/08/28 23:52:50.972, 1, 451.00, 87, 50, 35902, 49, 1980
2026/08/28 23:52:50.972, 2, 457.70, 83, 41, 35738, 50, 1980
2026/08/28 23:52:50.972, 3, 474.86, 87, 51, 35280, 58, 1980
2026/08/28 23:52:50.972, 4, 461.44, 67, 41, 35498, 59, 1980
2026/08/28 23:52:50.972, 5, 454.09, 60, 34, 34818, 52, 1980
2026/08/28 23:52:50.972, 6, 466.13, 53, 35, 34114, 56, 1980
2026/08/28 23:52:50.972, 7, 447.51, 91, 50, 34134, 49, 1980
2026/08/28 23:52:55.973, 0, 475.42, 56, 37, 36402, 59, 1980
2026/08/28 23:52:55.973, 1, 456.58, 96, 56, 36042, 50, 1980
2026/08/28 23:52:55.973, 2, 462.81, 89, 51, 35738, 50, 1980
2026/08/28 23:52:55.973, 3, 478.96, 84, 44, 35280, 59, 1980
2026/08/28 23:52:55.973, 4, 456.18, 56, 35, 35498, 59, 1980
2026/08/28 23:52:55.973, 5, 458.74, 91, 57, 34818, 52, 1980
2026/08/28 23:52:55.973, 6, 464.93, 80, 58, 34314, 58, 1980
2026/08/28 23:52:55.973, 7, 459.44, 75, 39, 34134, 49, 1980
2026/08/28 23:53:00.973, 0, 488.45, 86, 59, 36402, 60, 1980
2026/08/28 23:53:00.973, 1, 448.90, 91, 59, 36042, 50, 1980
2026/08/28 23:53:00.973, 2, 444.23, 57, 37, 35738, 50, 1980
2026/08/28 23:53:00.973, 3, 462.79, 80, 45, 35280, 60, 1980
2026/08/28 23:53:00.974, 4, 448.23, 57, 31, 35498, 60, 1980
2026/08/28 23:53:00.974, 5, 458.82, 93, 47, 34818, 52, 1980
2026/08/28 23:53:00.974, 6, 461.74, 56, 30, 34314, 57, 1980
2026/08/28 23:53:00.974, 7, 455.72, 61, 37, 34134, 48, 1980
2026/08/28 23:53:05.974, 0, 494.70, 86, 61, 36402, 62, 1980
2026/08/28 23:53:05.974, 1, 465.17, 87, 68, 36042, 50, 1980
2026/08/28 23:53:05.974, 2, 470.68, 75, 45, 35818, 48, 1980
2026/08/28 23:53:05.974, 3, 490.07, 86, 68, 35380, 60, 1980
2026/08/28 23:53:05.974, 4, 474.07, 60, 40, 35498, 60, 1980
2026/08/28 23:53:05.974, 5, 466.18, 70, 34, 34818, 52, 1980
2026/08/28 23:53:05.974, 6, 470.10, 90, 47, 34394, 58, 1980
2026/08/28 23:53:05.974, 7, 465.80, 93, 67, 34134, 48, 1980
2026/08/28 23:53:10.975, 0, 509.09, 96, 60, 36402, 62, 1980
2026/08/28 23:53:10.975, 1, 465.74, 57, 34, 36042, 51, 1980
2026/08/28 23:53:10.975, 2, 459.13, 95, 64, 35818, 51, 1980
2026/08/28 23:53:10.975, 3, 480.04, 69, 37, 35380, 60, 1980
2026/08/28 23:53:10.975, 4, 465.02, 95, 62, 35498, 61, 1980
2026/08/28 23:53:10.975, 5, 472.19, 58, 38, 34818, 51, 1980
2026/08/28 23:53:10.975, 6, 487.72, 95, 61, 34394, 59, 1980
2026/08/28 23:53:10.975, 7, 470.56, 86, 46, 34134, 48, 1980
2026/08/28 23:53:15.976, 0, 500.78, 95, 72, 36402, 62, 1980
2026/08/28 23:53:15.986, 1, 473.70, 99, 67, 36042, 52, 1980
2026/08/28 23:53:15.996, 2, 476.08, 99, 62, 35818, 50, 1980
2026/08/28 23:53:15.999, 3, 487.54, 99, 71, 35380, 62, 1980
2026/08/28 23:53:15.999, 4, 478.25, 61, 36, 35498, 62, 1980
2026/08/28 23:53:16.011, 5, 488.63, 99, 61, 34818, 53, 1980
2026/08/28 23:53:16.018, 6, 492.75, 100, 66, 34394, 61, 1980
2026/08/28 23:53:16.020, 7, 480.58, 99, 75, 34134, 50, 1980
2026/08/28 23:53:21.022, 0, 496.30, 89, 56, 36402, 64, 1980
2026/08/28 23:53:21.024, 1, 469.27, 96, 63, 36042, 52, 1980
2026/08/28 23:53:21.026, 2, 460.78, 52, 33, 35818, 50, 1980
2026/08/28 23:53:21.026, 3, 487.60, 94, 64, 35380, 60, 1980
2026/08/28 23:53:21.026, 4, 472.87, 59, 35, 35498, 62, 1980
2026/08/28 23:53:21.026, 5, 481.36, 91, 55, 34818, 53, 1980
2026/08/28 23:53:21.026, 6, 486.76, 60, 36, 34394, 59, 1980
2026/08/28 23:53:21.027, 7, 458.85, 94, 57, 34134, 46, 1980
2026/08/28 23:53:26.027, 0, 489.68, 52, 36, 36402, 63, 1980
2026/08/28 23:53:26.028, 1, 465.00, 70, 48, 36042, 50, 1980
2026/08/28 23:53:26.028, 2, 467.76, 94, 55, 35818, 50, 1980
2026/08/28 23:53:26.028, 3, 479.48, 61, 41, 35380, 59, 1980
2026/08/28 23:53:26.028, 4, 472.22, 62, 36, 35498, 61, 1980
2026/08/28 23:53:26.028, 5, 457.81, 95, 65, 34818, 52, 1980
2026/08/28 23:53:26.028, 6, 464.08, 99, 60, 34394, 58, 1980
2026/08/28 23:53:26.028, 7, 450.91, 56, 36, 34134, 46, 1980
2026/08/28 23:53:31.028, 0, 484.26, 95, 62, 36402, 63, 1980
2026/08/28 23:53:31.028, 1, 460.80, 66, 30, 36242, 49, 1980
2026/08/28 23:53:31.028, 2, 470.68, 71, 42, 35818, 50, 1980
2026/08/28 23:53:31.028, 3, 473.50, 44, 26, 35380, 60, 1980
2026/08/28 23:53:31.028, 4, 467.14, 91, 55, 35498, 60, 1980
2026/08/28 23:53:31.028, 5, 475.72, 99, 68, 34818, 52, 1980
2026/08/28 23:53:31.028, 6, 481.39, 91, 55, 34394, 59, 1980
2026/08/28 23:53:31.028, 7, 478.67, 61, 39, 34134, 46, 1980
2026/08/28 23:53:36.029, 0, 500.06, 64, 41, 36402, 64, 1980
2026/08/28 23:53:36.029, 1, 475.80, 89, 68, 36242, 50, 1980
2026/08/28 23:53:36.029, 2, 476.04, 95, 73, 35818, 51, 1980
2026/08/28 23:53:36.029, 3, 499.98, 74, 54, 35380, 62, 1980
2026/08/28 23:53:36.029, 4, 473.10, 94, 52, 35498, 62, 1980
2026/08/28 23:53:36.029, 5, 472.55, 94, 67, 34818, 52, 1980
2026/08/28 23:53:36.029, 6, 484.25, 91, 66, 34394, 60, 1980
2026/08/28 23:53:36.029, 7, 471.30, 99, 70, 34134, 48, 1980
2026/08/28 23:53:41.030, 0, 509.98, 99, 72, 36402, 63, 1980
2026/08/28 23:53:41.030, 1, 478.96, 95, 69, 36242, 51, 1980
2026/08/28 23:53:41.030, 2, 480.06, 97, 53, 35818, 51, 1980
2026/08/28 23:53:41.030, 3, 489.29, 95, 61, 35380, 60, 1980
2026/08/28 23:53:41.030, 4, 482.53, 99, 51, 35498, 62, 1980
2026/08/28 23:53:41.030, 5, 476.85, 100, 69, 34818, 52, 1980
2026/08/28 23:53:41.030, 6, 485.54, 100, 54, 34394, 60, 1980
2026/08/28 23:53:41.030, 7, 473.69, 95, 61, 34134, 49, 1980
2026/08/28 23:53:46.031, 0, 498.31, 93, 60, 36402, 63, 1980
2026/08/28 23:53:46.039, 1, 470.35, 90, 55, 36242, 48, 1980
2026/08/28 23:53:46.049, 2, 468.54, 95, 72, 35818, 51, 1980
2026/08/28 23:53:46.052, 3, 476.95, 93, 52, 35380, 61, 1980
2026/08/28 23:53:46.052, 4, 472.10, 89, 49, 35498, 61, 1980
2026/08/28 23:53:46.061, 5, 480.08, 63, 34, 34818, 49, 1980
2026/08/28 23:53:46.067, 6, 481.73, 91, 50, 34394, 57, 1980
2026/08/28 23:53:46.069, 7, 458.38, 95, 71, 34134, 48, 1980
2026/08/28 23:53:51.077, 0, 503.41, 99, 71, 36402, 63, 1980
2026/08/28 23:53:51.077, 1, 475.97, 94, 74, 36242, 51, 1980
2026/08/28 23:53:51.077, 2, 476.06, 68, 36, 36278, 50, 1980
2026/08/28 23:53:51.077, 3, 480.98, 95, 64, 35380, 61, 1980
2026/08/28 23:53:51.077, 4, 478.32, 64, 40, 35498, 62, 1980
2026/08/28 23:53:51.077, 5, 473.27, 99, 70, 34818, 51, 1980
2026/08/28 23:53:51.077, 6, 471.95, 95, 52, 34394, 60, 1980
2026/08/28 23:53:51.078, 7, 461.91, 95, 67, 34134, 48, 1980
2026/08/28 23:53:56.079, 0, 503.19, 94, 57, 36402, 64, 1980
2026/08/28 23:53:56.079, 1, 461.85, 66, 38, 36242, 52, 1980
2026/08/28 23:53:56.079, 2, 453.23, 95, 64, 36278, 49, 1980
2026/08/28 23:53:56.079, 3, 473.29, 83, 44, 35380, 61, 1980
2026/08/28 23:53:56.079, 4, 466.35, 95, 68, 35498, 62, 1980
2026/08/28 23:53:56.079, 5, 460.45, 95, 66, 34818, 51, 1980
2026/08/28 23:53:56.079, 6, 472.24, 95, 63, 34394, 60, 1980
2026/08/28 23:53:56.079, 7, 467.72, 100, 75, 34134, 49, 1980
2026/08/28 23:54:01.080, 0, 497.73, 70, 47, 36402, 63, 1980
2026/08/28 23:54:01.082, 1, 470.86, 52, 34, 36242, 50, 1980
2026/08/28 23:54:01.082, 2, 475.23, 95, 69, 36278, 50, 1980
2026/08/28 23:54:01.082, 3, 484.20, 42, 27, 35380, 61, 1980
2026/08/28 23:54:01.082, 4, 474.45, 94, 68, 35498, 62, 1980
2026/08/28 23:54:01.082, 5, 471.45, 64, 42, 34818, 52, 1980
2026/08/28 23:54:01.082, 6, 481.87, 94, 64, 34394, 60, 1980
2026/08/28 23:54:01.082, 7, 452.58, 100, 67, 34134, 49, 1980
2026/08/28 23:54:06.083, 0, 490.20, 96, 73, 36402, 64, 1980
2026/08/28 23:54:06.083, 1, 462.36, 96, 72, 36242, 51, 1980
2026/08/28 23:54:06.083, 2, 454.32, 99, 73, 36278, 50, 1980
2026/08/28 23:54:06.083, 3, 464.57, 60, 40, 35380, 62, 1980
2026/08/28 23:54:06.083, 4, 458.98, 91, 57, 35498, 62, 1980
2026/08/28 23:54:06.083, 5, 473.96, 99, 71, 34818, 51, 1980
2026/08/28 23:54:06.083, 6, 473.63, 96, 72, 34394, 60, 1980
2026/08/28 23:54:06.083, 7, 471.29, 95, 75, 34234, 49, 1980
2026/08/28 23:54:11.083, 0, 486.92, 72, 42, 36402, 64, 1980
2026/08/28 23:54:11.083, 1, 457.61, 91, 54, 36242, 51, 1980
2026/08/28 23:54:11.083, 2, 463.69, 89, 67, 36278, 47, 1980
2026/08/28 23:54:11.084, 3, 477.49, 91, 56, 35380, 61, 1980
2026/08/28 23:54:11.084, 4, 471.10, 96, 68, 35498, 61, 1980
2026/08/28 23:54:11.084, 5, 448.40, 89, 42, 34818, 48, 1980
2026/08/28 23:54:11.084, 6, 466.99, 57, 38, 34394, 60, 1980
2026/08/28 23:54:11.084, 7, 447.26, 97, 49, 34234, 47, 1980
2026/08/28 23:54:16.084, 0, 479.28, 56, 34, 36402, 63, 1980
2026/08/28 23:54:16.092, 1, 462.65, 64, 36, 36242, 49, 1980
2026/08/28 23:54:16.098, 2, 452.90, 99, 66, 36278, 49, 1980
2026/08/28 23:54:16.102, 3, 465.42, 63, 39, 35380, 59, 1980
2026/08/28 23:54:16.108, 4, 465.09, 83, 48, 35498, 59, 1980
2026/08/28 23:54:16.110, 5, 450.81, 91, 63, 34818, 51, 1980
2026/08/28 23:54:16.116, 6, 466.90, 88, 65, 34396, 57, 1980
2026/08/28 23:54:16.119, 7, 460.31, 59, 39, 34234, 48, 1980
2026/08/28 23:54:21.124, 0, 478.80, 60, 35, 36402, 64, 1980
2026/08/28 23:54:21.125, 1, 459.23, 95, 59, 36242, 51, 1980
2026/08/28 23:54:21.125, 2, 468.65, 99, 74, 36278, 51, 1980
2026/08/28 23:54:21.125, 3, 483.86, 97, 60, 35380, 61, 1980
2026/08/28 23:54:21.125, 4, 465.16, 96, 75, 35498, 63, 1980
2026/08/28 23:54:21.125, 5, 474.73, 85, 59, 34818, 53, 1980
2026/08/28 23:54:21.125, 6, 474.12, 96, 66, 34396, 58, 1980
2026/08/28 23:54:21.125, 7, 452.24, 100, 56, 34234, 48, 1980
2026/08/28 23:54:26.125, 0, 498.29, 99, 67, 36402, 63, 1980
2026/08/28 23:54:26.125, 1, 468.84, 92, 58, 36242, 48, 1980
2026/08/28 23:54:26.125, 2, 465.01, 85, 47, 36278, 47, 1980
2026/08/28 23:54:26.125, 3, 483.66, 95, 65, 35380, 61, 1980
2026/08/28 23:54:26.125, 4, 472.34, 93, 52, 35498, 60, 1980
2026/08/28 23:54:26.125, 5, 468.61, 76, 42, 34818, 50, 1980
2026/08/28 23:54:26.125, 6, 459.28, 95, 54, 34396, 58, 1980
2026/08/28 23:54:26.125, 7, 457.86, 97, 55, 34234, 47, 1980
2026/08/28 23:54:31.126, 0, 500.32, 99, 68, 36402, 64, 1980
2026/08/28 23:54:31.126, 1, 476.02, 97, 78, 36242, 51, 1980
2026/08/28 23:54:31.126, 2, 482.25, 87, 53, 36278, 47, 1980
2026/08/28 23:54:31.126, 3, 496.59, 95, 75, 35380, 61, 1980
2026/08/28 23:54:31.126, 4, 477.36, 93, 51, 35498, 62, 1980
2026/08/28 23:54:31.126, 5, 472.64, 100, 64, 34818, 51, 1980
2026/08/28 23:54:31.126, 6, 484.44, 94, 49, 34396, 60, 1980
2026/08/28 23:54:31.126, 7, 473.87, 95, 63, 34234, 47, 1980
2026/08/28 23:54:36.127, 0, 503.00, 95, 74, 36402, 64, 1980
2026/08/28 23:54:36.127, 1, 461.07, 100, 70, 36242, 49, 1980
2026/08/28 23:54:36.127, 2, 463.09, 49, 29, 36278, 49, 1980
2026/08/28 23:54:36.127, 3, 475.76, 73, 42, 35380, 60, 1980
2026/08/28 23:54:36.127, 4, 467.06, 90, 58, 35498, 61, 1980
2026/08/28 23:54:36.127, 5, 458.73, 94, 64, 34818, 51, 1980
2026/08/28 23:54:36.127, 6, 477.78, 100, 70, 34396, 59, 1980
2026/08/28 23:54:36.127, 7, 457.80, 95, 72, 34234, 47, 1980
2026/08/28 23:54:41.127, 0, 504.42, 58, 39, 36402, 61, 1980
2026/08/28 23:54:41.127, 1, 472.28, 57, 36, 36242, 50, 1980
2026/08/28 23:54:41.127, 2, 475.38, 91, 57, 36278, 48, 1980
2026/08/28 23:54:41.127, 3, 486.88, 59, 35, 35380, 61, 1980
2026/08/28 23:54:41.128, 4, 473.75, 93, 57, 35498, 62, 1980
2026/08/28 23:54:41.128, 5, 464.11, 99, 78, 34818, 49, 1980
2026/08/28 23:54:41.128, 6, 475.90, 93, 58, 34396, 59, 1980
2026/08/28 23:54:41.128, 7, 466.37, 68, 40, 34234, 47, 1980
2026/08/28 23:54:46.128, 0, 481.60, 92, 54, 36402, 62, 1980
2026/08/28 23:54:46.128, 1, 452.39, 62, 36, 36242, 50, 1980
2026/08/28 23:54:46.130, 2, 474.57, 52, 33, 36278, 49, 1980
2026/08/28 23:54:46.130, 3, 487.23, 68, 40, 35380, 59, 1980
2026/08/28 23:54:46.132, 4, 454.59, 61, 32, 35498, 61, 1980
2026/08/28 23:54:46.134, 5, 447.40, 95, 50, 34818, 50, 1980
2026/08/28 23:54:46.136, 6, 469.64, 63, 34, 34396, 59, 1980
2026/08/28 23:54:46.138, 7, 456.53, 96, 67, 34234, 45, 1980
2026/08/28 23:54:51.139, 0, 500.46, 95, 73, 36402, 64, 1980
2026/08/28 23:54:51.139, 1, 468.77, 74, 53, 36242, 49, 1980
2026/08/28 23:54:51.139, 2, 472.89, 100, 59, 36278, 49, 1980
2026/08/28 23:54:51.139, 3, 479.96, 59, 35, 35380, 62, 1980
2026/08/28 23:54:51.139, 4, 479.14, 100, 68, 35498, 62, 1980
2026/08/28 23:54:51.139, 5, 459.17, 94, 65, 34818, 51, 1980
2026/08/28 23:54:51.139, 6, 482.11, 100, 71, 34396, 59, 1980
2026/08/28 23:54:51.139, 7, 475.91, 49, 31, 34234, 49, 1980
2026/08/28 23:54:56.139, 0, 504.82, 53, 37, 36402, 61, 1980
2026/08/28 23:54:56.140, 1, 466.66, 95, 60, 36242, 49, 1980
2026/08/28 23:54:56.140, 2, 453.01, 98, 53, 36278, 49, 1980
2026/08/28 23:54:56.140, 3, 473.12, 61, 32, 35380, 60, 1980
2026/08/28 23:54:56.140, 4, 463.74, 100, 57, 35498, 61, 1980
2026/08/28 23:54:56.140, 5, 468.88, 95, 62, 34818, 49, 1980
2026/08/28 23:54:56.140, 6, 480.30, 94, 64, 34396, 60, 1980
2026/08/28 23:54:56.140, 7, 461.87, 74, 42, 34234, 47, 1980
2026/08/28 23:55:01.140, 0, 505.99, 96, 60, 36402, 64, 1980
2026/08/28 23:55:01.140, 1, 493.64, 99, 73, 36242, 51, 1980
2026/08/28 23:55:01.140, 2, 487.62, 95, 75, 36278, 50, 1980
2026/08/28 23:55:01.140, 3, 507.59, 100, 78, 35380, 62, 1980
2026/08/28 23:55:01.140, 4, 495.58, 91, 67, 35498, 62, 1980
2026/08/28 23:55:01.140, 5, 474.01, 98, 56, 34818, 51, 1980
2026/08/28 23:55:01.140, 6, 490.74, 90, 56, 34396, 59, 1980
2026/08/28 23:55:01.140, 7, 479.83, 96, 67, 34234, 49, 1980
2026/08/28 23:55:06.141, 0, 491.07, 58, 38, 36402, 64, 1980
2026/08/28 23:55:06.141, 1, 467.35, 86, 63, 36242, 50, 1980
2026/08/28 23:55:06.141, 2, 468.44, 95, 73, 36278, 50, 1980
2026/08/28 23:55:06.141, 3, 491.06, 100, 72, 35380, 61, 1980
2026/08/28 23:55:06.141, 4, 470.54, 94, 64, 35498, 61, 1980
2026/08/28 23:55:06.141, 5, 472.01, 60, 39, 34818, 51, 1980
2026/08/28 23:55:06.141, 6, 484.65, 89, 58, 34456, 60, 1980
2026/08/28 23:55:06.141, 7, 464.79, 63, 37, 34234, 49, 1980
2026/08/28 23:55:11.142, 0, 493.37, 99, 61, 36402, 63, 1980
2026/08/28 23:55:11.142, 1, 458.00, 99, 67, 36242, 47, 1980
2026/08/28 23:55:11.142, 2, 455.15, 58, 32, 36278, 48, 1980
2026/08/28 23:55:11.142, 3, 470.00, 100, 65, 35380, 59, 1980
2026/08/28 23:55:11.142, 4, 453.75, 71, 37, 35498, 61, 1980
2026/08/28 23:55:11.142, 5, 456.48, 100, 57, 34818, 50, 1980
2026/08/28 23:55:11.142, 6, 476.62, 100, 60, 34456, 60, 1980
2026/08/28 23:55:11.143, 7, 459.28, 100, 71, 34234, 46, 1980
2026/08/28 23:55:16.143, 0, 492.83, 99, 69, 36402, 64, 1980
2026/08/28 23:55:16.144, 1, 455.58, 95, 50, 36242, 50, 1980
2026/08/28 23:55:16.145, 2, 454.56, 93, 51, 36278, 50, 1980
2026/08/28 23:55:16.147, 3, 473.03, 95, 59, 35380, 61, 1980
2026/08/28 23:55:16.149, 4, 460.79, 95, 54, 35498, 62, 1980
2026/08/28 23:55:16.151, 5, 456.01, 100, 66, 34818, 51, 1980
2026/08/28 23:55:16.153, 6, 468.15, 95, 51, 34636, 59, 1980
2026/08/28 23:55:16.153, 7, 443.04, 97, 56, 34234, 47, 1980
2026/08/28 23:55:21.155, 0, 490.51, 56, 36, 36402, 62, 1980
2026/08/28 23:55:21.156, 1, 464.39, 64, 38, 36242, 48, 1980
2026/08/28 23:55:21.156, 2, 469.75, 99, 62, 36278, 50, 1980
2026/08/28 23:55:21.156, 3, 476.82, 81, 44, 35380, 58, 1980
2026/08/28 23:55:21.156, 4, 459.51, 100, 59, 35498, 61, 1980
2026/08/28 23:55:21.156, 5, 462.17, 58, 38, 34818, 50, 1980
2026/08/28 23:55:21.156, 6, 477.36, 65, 34, 34636, 60, 1980
2026/08/28 23:55:21.156, 7, 466.20, 94, 51, 34234, 45, 1980
2026/08/28 23:55:26.156, 0, 499.05, 78, 47, 36402, 62, 1980
2026/08/28 23:55:26.157, 1, 464.75, 50, 32, 36242, 50, 1980
2026/08/28 23:55:26.157, 2, 474.70, 56, 36, 36278, 50, 1980
2026/08/28 23:55:26.157, 3, 491.30, 95, 62, 35380, 61, 1980
2026/08/28 23:55:26.157, 4, 470.32, 52, 35, 35498, 61, 1980
2026/08/28 23:55:26.157, 5, 469.28, 89, 53, 34818, 48, 1980
2026/08/28 23:55:26.157, 6, 489.34, 37, 24, 34636, 60, 1980
2026/08/28 23:55:26.157, 7, 470.00, 100, 71, 34234, 47, 1980
2026/08/28 23:55:31.157, 0, 500.82, 100, 77, 36402, 62, 1980
2026/08/28 23:55:31.157, 1, 471.60, 95, 75, 36262, 51, 1980
2026/08/28 23:55:31.157, 2, 456.79, 96, 66, 36278, 49, 1980
2026/08/28 23:55:31.157, 3, 477.71, 95, 52, 35380, 62, 1980
2026/08/28 23:55:31.157, 4, 468.40, 100, 57, 35498, 60, 1980
2026/08/28 23:55:31.157, 5, 463.32, 97, 71, 34818, 50, 1980
2026/08/28 23:55:31.158, 6, 478.83, 95, 58, 34636, 59, 1980
2026/08/28 23:55:31.158, 7, 455.16, 95, 62, 34234, 48, 1980
2026/08/28 23:55:36.158, 0, 499.92, 97, 77, 36402, 64, 1980
2026/08/28 23:55:36.158, 1, 479.84, 99, 67, 36262, 51, 1980
2026/08/28 23:55:36.158, 2, 474.58, 100, 56, 36278, 49, 1980
2026/08/28 23:55:36.158, 3, 489.83, 95, 69, 35380, 62, 1980
2026/08/28 23:55:36.158, 4, 458.13, 100, 59, 35498, 61, 1980
2026/08/28 23:55:36.158, 5, 464.70, 97, 65, 34818, 51, 1980
2026/08/28 23:55:36.158, 6, 473.79, 100, 60, 34636, 61, 1980
2026/08/28 23:55:36.158, 7, 464.74, 99, 67, 34234, 49, 1980
2026/08/28 23:55:41.159, 0, 502.07, 99, 66, 36402, 64, 1980
2026/08/28 23:55:41.159, 1, 463.88, 100, 79, 36262, 51, 1980
2026/08/28 23:55:41.159, 2, 464.42, 45, 28, 36278, 49, 1980
2026/08/28 23:55:41.159, 3, 479.69, 95, 64, 35380, 62, 1980
2026/08/28 23:55:41.159, 4, 471.68, 76, 45, 35498, 62, 1980
2026/08/28 23:55:41.159, 5, 470.81, 100, 62, 34818, 51, 1980
2026/08/28 23:55:41.159, 6, 484.03, 98, 73, 34636, 60, 1980
2026/08/28 23:55:41.159, 7, 465.18, 95, 66, 34234, 48, 1980
2026/08/28 23:55:46.159, 0, 482.74, 56, 34, 36404, 64, 1980
2026/08/28 23:55:46.161, 1, 442.27, 58, 38, 36262, 51, 1980
2026/08/28 23:55:46.164, 2, 456.42, 81, 59, 36278, 50, 1980
2026/08/28 23:55:46.165, 3, 465.98, 95, 65, 35380, 61, 1980
2026/08/28 23:55:46.167, 4, 458.44, 65, 36, 35500, 62, 1980
2026/08/28 23:55:46.167, 5, 450.16, 63, 33, 34818, 50, 1980
2026/08/28 23:55:46.169, 6, 471.07, 56, 36, 34636, 60, 1980
2026/08/28 23:55:46.170, 7, 459.31, 96, 54, 34234, 48, 1980
2026/08/28 23:55:51.172, 0, 488.55, 71, 50, 36404, 64, 1980
2026/08/28 23:55:51.172, 1, 464.06, 57, 37, 36262, 50, 1980
2026/08/28 23:55:51.172, 2, 448.18, 52, 34, 36278, 48, 1980
2026/08/28 23:55:51.173, 3, 463.59, 55, 37, 35380, 61, 1980
2026/08/28 23:55:51.173, 4, 446.44, 95, 58, 35500, 62, 1980
2026/08/28 23:55:51.173, 5, 444.41, 72, 35, 34818, 51, 1980
2026/08/28 23:55:51.173, 6, 459.77, 48, 29, 34636, 60, 1980
2026/08/28 23:55:51.173, 7, 451.19, 44, 23, 34234, 48, 1980
2026/08/28 23:55:56.173, 0, 492.98, 87, 52, 36404, 61, 1980
2026/08/28 23:55:56.174, 1, 457.37, 55, 33, 36262, 49, 1980
2026/08/28 23:55:56.174, 2, 468.38, 51, 34, 36278, 49, 1980
2026/08/28 23:55:56.175, 3, 477.29, 89, 60, 35380, 60, 1980
2026/08/28 23:55:56.175, 4, 461.67, 50, 30, 35500, 61, 1980
2026/08/28 23:55:56.175, 5, 466.29, 94, 43, 34818, 50, 1980
2026/08/28 23:55:56.175, 6, 476.74, 58, 30, 34636, 59, 1980
2026/08/28 23:55:56.175, 7, 462.97, 82, 38, 34234, 46, 1980
2026/08/28 23:56:01.176, 0, 488.37, 99, 69, 36404, 63, 1980
2026/08/28 23:56:01.176, 1, 448.62, 99, 54, 36262, 48, 1980
2026/08/28 23:56:01.176, 2, 461.43, 100, 68, 36278, 49, 1980
2026/08/28 23:56:01.176, 3, 469.66, 95, 62, 35380, 61, 1980
2026/08/28 23:56:01.176, 4, 461.86, 78, 42, 35500, 62, 1980
2026/08/28 23:56:01.176, 5, 470.07, 100, 66, 34818, 51, 1980
2026/08/28 23:56:01.176, 6, 475.17, 96, 68, 34636, 60, 1980
2026/08/28 23:56:01.176, 7, 469.49, 95, 66, 34234, 48, 1980
2026/08/28 23:56:06.177, 0, 491.80, 61, 37, 36404, 63, 1980
2026/08/28 23:56:06.177, 1, 471.73, 64, 38, 36262, 51, 1980
2026/08/28 23:56:06.180, 2, 466.80, 79, 41, 36278, 49, 1980
2026/08/28 23:56:06.180, 3, 487.20, 95, 62, 35380, 62, 1980
2026/08/28 23:56:06.183, 4, 455.01, 46, 30, 35500, 62, 1980
2026/08/28 23:56:06.183, 5, 449.34, 99, 74, 34818, 51, 1980
2026/08/28 23:56:06.186, 6, 467.58, 92, 51, 34636, 60, 1980
2026/08/28 23:56:06.186, 7, 454.82, 95, 54, 34234, 47, 1980
2026/08/28 23:56:11.187, 0, 491.05, 51, 32, 36404, 63, 1980
2026/08/28 23:56:11.187, 1, 453.53, 73, 43, 36262, 48, 1980
2026/08/28 23:56:11.187, 2, 453.83, 55, 33, 36278, 49, 1980
2026/08/28 23:56:11.187, 3, 460.47, 95, 63, 35380, 58, 1980
2026/08/28 23:56:11.187, 4, 445.23, 62, 42, 35500, 60, 1980
2026/08/28 23:56:11.187, 5, 454.04, 49, 24, 34818, 50, 1980
2026/08/28 23:56:11.187, 6, 466.43, 81, 41, 34636, 58, 1980
2026/08/28 23:56:11.187, 7, 449.96, 96, 50, 34234, 47, 1980
2026/08/28 23:56:16.190, 0, 502.27, 95, 68, 36404, 63, 1980
2026/08/28 23:56:16.190, 1, 459.37, 99, 73, 36262, 50, 1980
2026/08/28 23:56:16.191, 2, 469.51, 96, 62, 36278, 50, 1980
2026/08/28 23:56:16.197, 3, 484.99, 55, 36, 35380, 62, 1980
2026/08/28 23:56:16.199, 4, 470.37, 100, 67, 35500, 62, 1980
2026/08/28 23:56:16.201, 5, 475.99, 95, 65, 34818, 50, 1980
2026/08/28 23:56:16.203, 6, 486.11, 100, 69, 34636, 57, 1980
2026/08/28 23:56:16.204, 7, 464.21, 97, 62, 34234, 46, 1980
2026/08/28 23:56:21.206, 0, 498.25, 53, 36, 36404, 63, 1980
2026/08/28 23:56:21.209, 1, 466.47, 73, 43, 36262, 47, 1980
2026/08/28 23:56:21.210, 2, 463.72, 54, 34, 36278, 49, 1980
2026/08/28 23:56:21.214, 3, 474.16, 90, 55, 35380, 60, 1980
2026/08/28 23:56:21.216, 4, 464.73, 80, 46, 35500, 60, 1980
2026/08/28 23:56:21.220, 5, 465.28, 55, 35, 34818, 50, 1980
2026/08/28 23:56:21.220, 6, 471.06, 75, 40, 34636, 56, 1980
2026/08/28 23:56:21.224, 7, 452.22, 96, 53, 34234, 46, 1980
2026/08/28 23:56:26.226, 0, 496.92, 58, 37, 36404, 61, 1980
2026/08/28 23:56:26.226, 1, 463.60, 89, 55, 36262, 49, 1980
2026/08/28 23:56:26.226, 2, 469.87, 95, 75, 36278, 49, 1980
2026/08/28 23:56:26.226, 3, 484.14, 74, 44, 35380, 60, 1980
2026/08/28 23:56:26.226, 4, 471.39, 82, 61, 35500, 60, 1980
2026/08/28 23:56:26.226, 5, 457.27, 47, 31, 34818, 50, 1980
2026/08/28 23:56:26.226, 6, 455.28, 85, 50, 34636, 59, 1980
2026/08/28 23:56:26.226, 7, 462.69, 56, 37, 34234, 46, 1980
2026/08/28 23:56:31.226, 0, 489.89, 55, 33, 36404, 62, 1980
2026/08/28 23:56:31.226, 1, 459.29, 91, 55, 36262, 47, 1980
2026/08/28 23:56:31.228, 2, 466.51, 68, 40, 36278, 47, 1980
2026/08/28 23:56:31.230, 3, 481.11, 95, 55, 35380, 61, 1980
2026/08/28 23:56:31.230, 4, 457.24, 57, 38, 35500, 59, 1980
2026/08/28 23:56:31.230, 5, 449.51, 96, 70, 34818, 51, 1980
2026/08/28 23:56:31.230, 6, 459.79, 94, 50, 34636, 57, 1980
2026/08/28 23:56:31.230, 7, 453.08, 95, 54, 34234, 47, 1980
2026/08/28 23:56:36.231, 0, 492.08, 90, 55, 36404, 62, 1980
2026/08/28 23:56:36.232, 1, 453.13, 38, 24, 36262, 50, 1980
2026/08/28 23:56:36.233, 2, 456.10, 43, 27, 36278, 50, 1980
2026/08/28 23:56:36.233, 3, 470.90, 80, 57, 35380, 60, 1980
2026/08/28 23:56:36.233, 4, 461.87, 40, 24, 35500, 61, 1980
2026/08/28 23:56:36.235, 5, 462.64, 95, 52, 34818, 48, 1980
2026/08/28 23:56:36.235, 6, 469.49, 44, 25, 34636, 60, 1980
2026/08/28 23:56:36.235, 7, 462.73, 68, 35, 34234, 47, 1980
2026/08/28 23:56:41.235, 0, 496.46, 95, 71, 36404, 63, 1980
2026/08/28 23:56:41.236, 1, 470.24, 54, 36, 36262, 49, 1980
2026/08/28 23:56:41.236, 2, 475.68, 79, 49, 36280, 49, 1980
2026/08/28 23:56:41.236, 3, 472.66, 56, 35, 35380, 61, 1980
2026/08/28 23:56:41.236, 4, 461.89, 96, 69, 35500, 60, 1980
2026/08/28 23:56:41.236, 5, 467.33, 88, 54, 34818, 50, 1980
2026/08/28 23:56:41.236, 6, 474.87, 62, 39, 34636, 58, 1980
2026/08/28 23:56:41.236, 7, 464.83, 52, 33, 34234, 48, 1980
2026/08/28 23:56:46.236, 0, 489.34, 99, 73, 36404, 64, 1980
2026/08/28 23:56:46.238, 1, 457.62, 98, 55, 36262, 49, 1980
2026/08/28 23:56:46.239, 2, 456.64, 97, 49, 36280, 49, 1980
2026/08/28 23:56:46.240, 3, 462.64, 95, 63, 35380, 61, 1980
2026/08/28 23:56:46.242, 4, 453.01, 98, 54, 35500, 60, 1980
2026/08/28 23:56:46.244, 5, 464.87, 100, 71, 34818, 51, 1980
2026/08/28 23:56:46.249, 6, 466.50, 98, 55, 34636, 59, 1980
2026/08/28 23:56:46.254, 7, 458.26, 100, 61, 34234, 48, 1980
2026/08/28 23:56:51.255, 0, 473.87, 99, 79, 36404, 62, 1980
2026/08/28 23:56:51.259, 1, 447.50, 99, 66, 36262, 49, 1980
2026/08/28 23:56:51.260, 2, 459.20, 73, 42, 36280, 47, 1980
2026/08/28 23:56:51.261, 3, 454.89, 95, 56, 35380, 61, 1980
2026/08/28 23:56:51.261, 4, 447.32, 31, 21, 35500, 61, 1980
2026/08/28 23:56:51.261, 5, 436.70, 96, 69, 34818, 48, 1980
2026/08/28 23:56:51.261, 6, 462.24, 94, 59, 34636, 60, 1980
2026/08/28 23:56:51.261, 7, 436.94, 95, 54, 34234, 47, 1980
2026/08/28 23:56:56.261, 0, 448.93, 66, 39, 36404, 63, 1980
2026/08/28 23:56:56.261, 1, 424.14, 55, 36, 36262, 50, 1980
2026/08/28 23:56:56.261, 2, 432.57, 67, 44, 36280, 50, 1980
2026/08/28 23:56:56.261, 3, 441.18, 95, 64, 35380, 61, 1980
2026/08/28 23:56:56.261, 4, 436.84, 51, 33, 35500, 62, 1980
2026/08/28 23:56:56.261, 5, 433.33, 100, 74, 34818, 51, 1980
2026/08/28 23:56:56.261, 6, 451.88, 63, 40, 34636, 60, 1980
2026/08/28 23:56:56.261, 7, 435.92, 100, 62, 34234, 48, 1980
2026/08/28 23:57:01.262, 0, 490.80, 96, 72, 36404, 60, 1980
2026/08/28 23:57:01.262, 1, 457.06, 93, 54, 36262, 50, 1980
2026/08/28 23:57:01.262, 2, 450.51, 95, 60, 36280, 50, 1980
2026/08/28 23:57:01.262, 3, 463.42, 94, 56, 35380, 60, 1980
2026/08/28 23:57:01.262, 4, 461.91, 94, 50, 35500, 62, 1980
2026/08/28 23:57:01.262, 5, 458.62, 96, 62, 34818, 51, 1980
2026/08/28 23:57:01.262, 6, 469.84, 91, 68, 34636, 60, 1980
2026/08/28 23:57:01.262, 7, 462.86, 78, 42, 34234, 49, 1980
2026/08/28 23:57:06.263, 0, 486.35, 79, 46, 36404, 63, 1980
2026/08/28 23:57:06.263, 1, 458.00, 94, 61, 36262, 49, 1980
2026/08/28 23:57:06.263, 2, 463.08, 95, 67, 36280, 50, 1980
2026/08/28 23:57:06.263, 3, 471.62, 62, 38, 35380, 62, 1980
2026/08/28 23:57:06.263, 4, 461.84, 96, 64, 35500, 61, 1980
2026/08/28 23:57:06.263, 5, 459.79, 67, 32, 34818, 50, 1980
2026/08/28 23:57:06.263, 6, 471.66, 94, 70, 34636, 59, 1980
2026/08/28 23:57:06.263, 7, 462.47, 94, 61, 34234, 47, 1980
2026/08/28 23:57:11.263, 0, 515.07, 96, 74, 36404, 64, 1980
2026/08/28 23:57:11.263, 1, 462.66, 96, 60, 36262, 49, 1980
2026/08/28 23:57:11.263, 2, 474.59, 95, 69, 36280, 47, 1980
2026/08/28 23:57:11.263, 3, 489.52, 92, 64, 35380, 62, 1980
2026/08/28 23:57:11.264, 4, 474.55, 61, 37, 35500, 60, 1980
2026/08/28 23:57:11.264, 5, 471.09, 96, 61, 34818, 48, 1980
2026/08/28 23:57:11.264, 6, 488.71, 95, 73, 34636, 60, 1980
2026/08/28 23:57:11.264, 7, 474.74, 82, 47, 34234, 47, 1980
2026/08/28 23:57:16.265, 0, 489.33, 51, 34, 36404, 64, 1980
2026/08/28 23:57:16.265, 1, 461.70, 90, 64, 36262, 51, 1980
2026/08/28 23:57:16.266, 2, 471.26, 95, 71, 36280, 50, 1980
2026/08/28 23:57:16.267, 3, 482.55, 100, 79, 35380, 62, 1980
2026/08/28 23:57:16.268, 4, 461.39, 89, 68, 35500, 62, 1980
2026/08/28 23:57:16.270, 5, 457.08, 99, 66, 34818, 51, 1980
2026/08/28 23:57:16.272, 6, 468.88, 95, 51, 34636, 60, 1980
2026/08/28 23:57:16.273, 7, 453.96, 97, 50, 34234, 48, 1980
2026/08/28 23:57:21.274, 0, 484.27, 95, 64, 36404, 64, 1980
2026/08/28 23:57:21.274, 1, 464.52, 95, 76, 36262, 48, 1980
2026/08/28 23:57:21.275, 2, 457.27, 71, 44, 36280, 50, 1980
2026/08/28 23:57:21.275, 3, 489.22, 100, 58, 35380, 62, 1980
2026/08/28 23:57:21.275, 4, 450.19, 60, 41, 35500, 60, 1980
2026/08/28 23:57:21.275, 5, 450.36, 86, 50, 34818, 49, 1980
2026/08/28 23:57:21.275, 6, 459.42, 56, 37, 34636, 60, 1980
2026/08/28 23:57:21.275, 7, 450.05, 43, 27, 34234, 48, 1980
2026/08/28 23:57:26.276, 0, 491.29, 99, 78, 36404, 64, 1980
2026/08/28 23:57:26.276, 1, 465.64, 99, 64, 36262, 50, 1980
2026/08/28 23:57:26.276, 2, 462.20, 99, 59, 36280, 50, 1980
2026/08/28 23:57:26.276, 3, 483.34, 95, 62, 35380, 63, 1980
2026/08/28 23:57:26.276, 4, 473.02, 99, 63, 35500, 61, 1980
2026/08/28 23:57:26.276, 5, 471.52, 97, 70, 34818, 50, 1980
2026/08/28 23:57:26.276, 6, 480.97, 99, 64, 34636, 60, 1980
2026/08/28 23:57:26.276, 7, 476.10, 99, 72, 34234, 49, 1980
2026/08/28 23:57:31.276, 0, 503.69, 99, 72, 36404, 64, 1980
2026/08/28 23:57:31.276, 1, 477.33, 93, 57, 36262, 48, 1980
2026/08/28 23:57:31.276, 2, 481.55, 99, 78, 36280, 50, 1980
2026/08/28 23:57:31.276, 3, 496.33, 95, 73, 35380, 62, 1980
2026/08/28 23:57:31.277, 4, 483.46, 95, 75, 35500, 62, 1980
2026/08/28 23:57:31.277, 5, 477.60, 68, 38, 34818, 50, 1980
2026/08/28 23:57:31.277, 6, 489.37, 95, 64, 34636, 60, 1980
2026/08/28 23:57:31.277, 7, 471.09, 95, 67, 34234, 48, 1980
2026/08/28 23:57:36.277, 0, 500.02, 92, 58, 36404, 64, 1980
2026/08/28 23:57:36.277, 1, 455.03, 95, 76, 36262, 50, 1980
2026/08/28 23:57:36.277, 2, 478.17, 95, 69, 36280, 50, 1980
2026/08/28 23:57:36.277, 3, 478.67, 99, 69, 35400, 62, 1980
2026/08/28 23:57:36.277, 4, 456.53, 95, 67, 35500, 62, 1980
2026/08/28 23:57:36.277, 5, 454.85, 96, 58, 34818, 51, 1980
2026/08/28 23:57:36.277, 6, 470.21, 95, 68, 34636, 61, 1980
2026/08/28 23:57:36.277, 7, 446.21, 100, 66, 34234, 47, 1980
2026/08/28 23:57:41.278, 0, 497.12, 90, 56, 36404, 62, 1980
2026/08/28 23:57:41.281, 1, 474.07, 57, 35, 36262, 49, 1980
2026/08/28 23:57:41.282, 2, 480.27, 93, 57, 36280, 49, 1980
2026/08/28 23:57:41.285, 3, 494.98, 78, 51, 35400, 61, 1980
2026/08/28 23:57:41.286, 4, 470.73, 95, 54, 35500, 61, 1980
2026/08/28 23:57:41.289, 5, 451.87, 62, 41, 34818, 50, 1980
2026/08/28 23:57:41.290, 6, 475.23, 58, 32, 34636, 60, 1980
2026/08/28 23:57:41.294, 7, 460.06, 61, 36, 34234, 47, 1980
2026/08/28 23:57:46.296, 0, 499.97, 58, 39, 36404, 62, 1980
2026/08/28 23:57:46.296, 1, 464.41, 95, 74, 36262, 50, 1980
2026/08/28 23:57:46.298, 2, 477.55, 95, 74, 36280, 48, 1980
2026/08/28 23:57:46.301, 3, 490.67, 60, 35, 35400, 62, 1980
2026/08/28 23:57:46.305, 4, 483.37, 95, 74, 35500, 62, 1980
2026/08/28 23:57:46.308, 5, 475.10, 59, 36, 34818, 51, 1980
2026/08/28 23:57:46.315, 6, 491.16, 95, 64, 34636, 60, 1980
2026/08/28 23:57:46.317, 7, 475.05, 100, 68, 34234, 48, 1980
2026/08/28 23:57:51.322, 0, 507.44, 55, 37, 36404, 62, 1980
2026/08/28 23:57:51.322, 1, 468.26, 95, 73, 36262, 50, 1980
2026/08/28 23:57:51.322, 2, 478.93, 55, 35, 36280, 47, 1980
2026/08/28 23:57:51.322, 3, 479.11, 55, 32, 35400, 61, 1980
2026/08/28 23:57:51.322, 4, 469.37, 47, 31, 35500, 61, 1980
2026/08/28 23:57:51.322, 5, 475.03, 96, 55, 34818, 48, 1980
2026/08/28 23:57:51.322, 6, 481.96, 94, 65, 34696, 60, 1980
2026/08/28 23:57:51.322, 7, 459.63, 68, 37, 34234, 47, 1980
2026/08/28 23:57:56.322, 0, 496.66, 99, 68, 36404, 64, 1980
2026/08/28 23:57:56.322, 1, 456.69, 100, 52, 36262, 50, 1980
2026/08/28 23:57:56.322, 2, 468.41, 100, 68, 36280, 50, 1980
2026/08/28 23:57:56.323, 3, 475.33, 95, 62, 35560, 61, 1980
2026/08/28 23:57:56.323, 4, 469.89, 98, 51, 35500, 62, 1980
2026/08/28 23:57:56.323, 5, 474.89, 100, 65, 34818, 51, 1980
2026/08/28 23:57:56.323, 6, 485.91, 100, 53, 34696, 60, 1980
2026/08/28 23:57:56.323, 7, 462.70, 95, 73, 34234, 48, 1980
2026/08/28 23:58:01.323, 0, 503.29, 75, 39, 36404, 64, 1980
2026/08/28 23:58:01.323, 1, 463.51, 95, 63, 36262, 50, 1980
2026/08/28 23:58:01.323, 2, 479.01, 57, 37, 36280, 50, 1980
2026/08/28 23:58:01.323, 3, 489.92, 99, 66, 35560, 62, 1980
2026/08/28 23:58:01.323, 4, 472.49, 53, 33, 35500, 62, 1980
2026/08/28 23:58:01.323, 5, 475.93, 96, 68, 34818, 51, 1980
2026/08/28 23:58:01.323, 6, 483.74, 95, 74, 34696, 60, 1980
2026/08/28 23:58:01.323, 7, 469.75, 99, 72, 34234, 49, 1980
2026/08/28 23:58:06.324, 0, 485.09, 96, 62, 36404, 62, 1980
2026/08/28 23:58:06.324, 1, 457.89, 92, 56, 36262, 47, 1980
2026/08/28 23:58:06.324, 2, 465.66, 99, 70, 36280, 48, 1980
2026/08/28 23:58:06.324, 3, 475.76, 54, 34, 35560, 60, 1980
2026/08/28 23:58:06.324, 4, 464.30, 90, 50, 35500, 60, 1980
2026/08/28 23:58:06.324, 5, 463.03, 87, 47, 34818, 49, 1980
2026/08/28 23:58:06.324, 6, 480.81, 93, 52, 34696, 58, 1980
2026/08/28 23:58:06.324, 7, 459.73, 51, 32, 34234, 48, 1980
2026/08/28 23:58:11.325, 0, 501.64, 92, 58, 36404, 61, 1980
2026/08/28 23:58:11.325, 1, 467.57, 56, 34, 36262, 50, 1980
2026/08/28 23:58:11.325, 2, 480.82, 95, 57, 36280, 50, 1980
2026/08/28 23:58:11.325, 3, 483.80, 99, 67, 35560, 60, 1980
2026/08/28 23:58:11.325, 4, 470.66, 95, 60, 35500, 61, 1980
2026/08/28 23:58:11.325, 5, 472.96, 96, 70, 34818, 50, 1980
2026/08/28 23:58:11.325, 6, 491.11, 61, 35, 34696, 60, 1980
2026/08/28 23:58:11.325, 7, 475.48, 99, 71, 34234, 45, 1980
2026/08/28 23:58:16.326, 0, 465.46, 90, 70, 36404, 63, 1980
2026/08/28 23:58:16.329, 1, 437.76, 97, 74, 36262, 49, 1980
2026/08/28 23:58:16.332, 2, 438.78, 72, 47, 36280, 49, 1980
2026/08/28 23:58:16.335, 3, 457.50, 64, 40, 35560, 61, 1980
2026/08/28 23:58:16.337, 4, 444.43, 100, 71, 35500, 61, 1980
2026/08/28 23:58:16.341, 5, 445.60, 78, 53, 35078, 49, 1980
2026/08/28 23:58:16.345, 6, 437.59, 96, 68, 34696, 59, 1980
2026/08/28 23:58:16.351, 7, 426.65, 62, 35, 34234, 48, 1980
2026/08/28 23:58:21.359, 0, 484.30, 75, 42, 36404, 61, 1980
2026/08/28 23:58:21.360, 1, 449.24, 46, 29, 36262, 50, 1980
2026/08/28 23:58:21.363, 2, 470.06, 90, 55, 36280, 47, 1980
2026/08/28 23:58:21.364, 3, 473.81, 95, 59, 35560, 61, 1980
2026/08/28 23:58:21.367, 4, 465.15, 93, 59, 35500, 62, 1980
2026/08/28 23:58:21.368, 5, 466.73, 99, 71, 35078, 48, 1980
2026/08/28 23:58:21.372, 6, 471.86, 51, 33, 34696, 61, 1980
2026/08/28 23:58:21.372, 7, 444.23, 100, 58, 34234, 46, 1980
2026/08/28 23:58:26.376, 0, 498.75, 89, 63, 36404, 61, 1980
2026/08/28 23:58:26.376, 1, 469.67, 89, 50, 36262, 49, 1980
2026/08/28 23:58:26.376, 2, 454.33, 60, 39, 36280, 47, 1980
2026/08/28 23:58:26.376, 3, 475.47, 47, 29, 35560, 61, 1980
2026/08/28 23:58:26.376, 4, 462.05, 89, 51, 35500, 59, 1980
2026/08/28 23:58:26.377, 5, 469.57, 68, 38, 35078, 48, 1980
2026/08/28 23:58:26.377, 6, 475.99, 91, 51, 34696, 58, 1980
2026/08/28 23:58:26.377, 7, 453.60, 58, 34, 34234, 46, 1980
2026/08/28 23:58:31.377, 0, 136.34, 6, 1, 8324, 54, 1980
2026/08/28 23:58:31.378, 1, 119.28, 5, 1, 8782, 39, 1980
2026/08/28 23:58:31.378, 2, 122.70, 5, 1, 8660, 38, 1980
2026/08/28 23:58:31.379, 3, 135.48, 5, 1, 9120, 52, 1980
2026/08/28 23:58:31.380, 4, 135.14, 5, 1, 7860, 53, 1980
2026/08/28 23:58:31.382, 5, 124.21, 4, 1, 9578, 40, 1980
2026/08/28 23:58:31.383, 6, 135.36, 4, 1, 8296, 51, 1980
2026/08/28 23:58:31.385, 7, 127.57, 5, 1, 7334, 38, 1980
2026/08/28 23:58:36.387, 0, 132.14, 0, 0, 6886, 52, 1980
2026/08/28 23:58:36.387, 1, 117.00, 0, 0, 6886, 37, 1980
2026/08/28 23:58:36.387, 2, 120.62, 0, 0, 6884, 36, 1980
2026/08/28 23:58:36.387, 3, 131.76, 0, 0, 6886, 50, 1980
2026/08/28 23:58:36.387, 4, 131.86, 0, 0, 6886, 51, 1980
2026/08/28 23:58:36.387, 5, 121.94, 0, 0, 6886, 38, 1980
2026/08/28 23:58:36.387, 6, 131.08, 0, 0, 6884, 49, 1980
2026/08/28 23:58:36.387, 7, 124.95, 0, 0, 6884, 36, 1980
2026/08/28 23:58:41.387, 0, 130.40, 0, 0, 6886, 50, 1980
2026/08/28 23:58:41.387, 1, 116.36, 0, 0, 6886, 36, 1980
2026/08/28 23:58:41.388, 2, 119.43, 0, 0, 6884, 35, 1980
2026/08/28 23:58:41.388, 3, 130.32, 0, 0, 6886, 49, 1980
2026/08/28 23:58:41.388, 4, 129.24, 0, 0, 6886, 50, 1980
2026/08/28 23:58:41.388, 5, 120.63, 0, 0, 6886, 37, 1980
2026/08/28 23:58:41.388, 6, 129.83, 0, 0, 6884, 48, 1980
2026/08/28 23:58:41.388, 7, 123.97, 0, 0, 6884, 35, 1980
2026/08/28 23:58:46.388, 0, 129.28, 0, 0, 6886, 49, 1980
2026/08/28 23:58:46.388, 1, 115.89, 0, 0, 6886, 35, 1980
2026/08/28 23:58:46.388, 2, 118.70, 0, 0, 6884, 34, 1980
2026/08/28 23:58:46.388, 3, 129.26, 0, 0, 6886, 48, 1980
2026/08/28 23:58:46.388, 4, 128.15, 0, 0, 6886, 49, 1980
2026/08/28 23:58:46.388, 5, 120.07, 0, 0, 6886, 36, 1980
2026/08/28 23:58:46.388, 6, 128.84, 0, 0, 6884, 47, 1980
2026/08/28 23:58:46.388, 7, 123.43, 0, 0, 6884, 34, 1980
2026/08/28 23:58:51.389, 0, 128.41, 0, 0, 6886, 48, 1980
2026/08/28 23:58:51.399, 1, 115.63, 0, 0, 6886, 34, 1980
2026/08/28 23:58:51.401, 2, 118.35, 0, 0, 6884, 34, 1980
2026/08/28 23:58:51.458, 3, 128.54, 0, 0, 6886, 47, 1980
2026/08/28 23:58:51.460, 4, 127.99, 0, 0, 6886, 48, 1980
2026/08/28 23:58:51.514, 5, 119.79, 0, 0, 6886, 35, 1980
2026/08/28 23:58:51.516, 6, 128.07, 0, 0, 6884, 46, 1980
2026/08/28 23:58:51.518, 7, 123.40, 0, 0, 6884, 33, 1980
2026/08/28 23:58:56.521, 0, 127.63, 0, 0, 6886, 47, 1980
2026/08/28 23:58:56.521, 1, 115.34, 0, 0, 6886, 34, 1980
2026/08/28 23:58:56.521, 2, 116.84, 0, 0, 6884, 33, 1980
2026/08/28 23:58:56.521, 3, 127.82, 0, 0, 6886, 46, 1980
2026/08/28 23:58:56.521, 4, 127.24, 0, 0, 6886, 47, 1980
2026/08/28 23:58:56.521, 5, 119.48, 0, 0, 6886, 35, 1980
2026/08/28 23:58:56.522, 6, 127.38, 0, 0, 6884, 45, 1980
2026/08/28 23:58:56.522, 7, 123.13, 0, 0, 6884, 33, 1980
2026/08/28 23:59:01.522, 0, 127.06, 0, 0, 6886, 46, 1980
2026/08/28 23:59:01.522, 1, 115.10, 0, 0, 6886, 33, 1980
2026/08/28 23:59:01.522, 2, 116.66, 0, 0, 6884, 33, 1980
2026/08/28 23:59:01.522, 3, 127.32, 0, 0, 6886, 45, 1980
2026/08/28 23:59:01.522, 4, 126.70, 0, 0, 6886, 46, 1980
2026/08/28 23:59:01.522, 5, 119.27, 0, 0, 6886, 35, 1980
2026/08/28 23:59:01.522, 6, 126.92, 0, 0, 6884, 44, 1980
2026/08/28 23:59:01.522, 7, 122.89, 0, 0, 6884, 33, 1980
2026/08/28 23:59:06.523, 0, 126.57, 0, 0, 6886, 45, 1980
2026/08/28 23:59:06.523, 1, 115.08, 0, 0, 6886, 33, 1980
2026/08/28 23:59:06.523, 2, 116.48, 0, 0, 6884, 32, 1980
2026/08/28 23:59:06.523, 3, 126.89, 0, 0, 6886, 45, 1980
2026/08/28 23:59:06.523, 4, 126.27, 0, 0, 6886, 46, 1980
2026/08/28 23:59:06.523, 5, 119.13, 0, 0, 6886, 34, 1980
2026/08/28 23:59:06.523, 6, 127.27, 0, 0, 6884, 44, 1980
2026/08/28 23:59:06.523, 7, 122.31, 0, 0, 6884, 32, 1980
2026/08/28 23:59:11.523, 0, 126.21, 0, 0, 6886, 45, 1980
2026/08/28 23:59:11.524, 1, 114.94, 0, 0, 6886, 33, 1980
2026/08/28 23:59:11.524, 2, 116.42, 0, 0, 6884, 32, 1980
2026/08/28 23:59:11.524, 3, 126.55, 0, 0, 6886, 44, 1980
2026/08/28 23:59:11.524, 4, 125.96, 0, 0, 6886, 45, 1980
2026/08/28 23:59:11.524, 5, 119.03, 0, 0, 6886, 34, 1980
2026/08/28 23:59:11.524, 6, 126.95, 0, 0, 6884, 43, 1980
2026/08/28 23:59:11.524, 7, 122.19, 0, 0, 6884, 32, 1980
2026/08/28 23:59:16.524, 0, 125.90, 0, 0, 6886, 44, 1980
2026/08/28 23:59:16.525, 1, 114.84, 0, 0, 6886, 33, 1980
2026/08/28 23:59:16.526, 2, 116.30, 0, 0, 6884, 32, 1980
2026/08/28 23:59:16.526, 3, 126.26, 0, 0, 6886, 44, 1980
2026/08/28 23:59:16.528, 4, 125.58, 0, 0, 6886, 45, 1980
2026/08/28 23:59:16.531, 5, 118.92, 0, 0, 6886, 34, 1980
2026/08/28 23:59:16.531, 6, 126.65, 0, 0, 6884, 43, 1980
2026/08/28 23:59:16.534, 7, 122.05, 0, 0, 6884, 32, 1980
2026/08/28 23:59:21.536, 0, 125.52, 0, 0, 6886, 44, 1980
2026/08/28 23:59:21.536, 1, 114.77, 0, 0, 6886, 32, 1980
2026/08/28 23:59:21.536, 2, 116.19, 0, 0, 6884, 32, 1980
2026/08/28 23:59:21.537, 3, 125.94, 0, 0, 6886, 43, 1980
2026/08/28 23:59:21.537, 4, 125.25, 0, 0, 6886, 44, 1980
2026/08/28 23:59:21.537, 5, 118.85, 0, 0, 6886, 34, 1980
2026/08/28 23:59:21.537, 6, 126.40, 0, 0, 6884, 42, 1980
2026/08/28 23:59:21.537, 7, 121.93, 0, 0, 6884, 32, 1980
2026/08/28 23:59:26.537, 0, 125.17, 0, 0, 6886, 44, 1980
2026/08/28 23:59:26.537, 1, 114.65, 0, 0, 6886, 32, 1980
2026/08/28 23:59:26.537, 2, 116.06, 0, 0, 6884, 32, 1980
2026/08/28 23:59:26.537, 3, 125.64, 0, 0, 6886, 43, 1980
2026/08/28 23:59:26.537, 4, 124.93, 0, 0, 6886, 44, 1980
2026/08/28 23:59:26.537, 5, 118.78, 0, 0, 6886, 34, 1980
2026/08/28 23:59:26.537, 6, 126.07, 0, 0, 6884, 42, 1980
2026/08/28 23:59:26.537, 7, 121.80, 0, 0, 6884, 32, 1980
2026/08/28 23:59:31.538, 0, 124.89, 0, 0, 6886, 43, 1980
2026/08/28 23:59:31.538, 1, 114.63, 0, 0, 6886, 32, 1980
2026/08/28 23:59:31.538, 2, 116.00, 0, 0, 6884, 31, 1980
2026/08/28 23:59:31.538, 3, 125.36, 0, 0, 6886, 42, 1980
2026/08/28 23:59:31.538, 4, 124.70, 0, 0, 6886, 44, 1980
2026/08/28 23:59:31.538, 5, 118.73, 0, 0, 6886, 34, 1980
2026/08/28 23:59:31.538, 6, 125.86, 0, 0, 6884, 42, 1980
2026/08/28 23:59:31.538, 7, 121.71, 0, 0, 6884, 32, 1980
2026/08/28 23:59:36.538, 0, 124.42, 0, 0, 6886, 43, 1980
2026/08/28 23:59:36.539, 1, 114.55, 0, 0, 6886, 32, 1980
2026/08/28 23:59:36.539, 2, 115.92, 0, 0, 6884, 31, 1980
2026/08/28 23:59:36.539, 3, 125.04, 0, 0, 6886, 42, 1980
2026/08/28 23:59:36.539, 4, 124.40, 0, 0, 6886, 43, 1980
2026/08/28 23:59:36.539, 5, 118.67, 0, 0, 6886, 33, 1980
2026/08/28 23:59:36.539, 6, 125.58, 0, 0, 6884, 41, 1980
2026/08/28 23:59:36.539, 7, 121.64, 0, 0, 6884, 31, 1980
2026/08/28 23:59:41.539, 0, 123.73, 0, 0, 6886, 42, 1980
2026/08/28 23:59:41.539, 1, 114.47, 0, 0, 6886, 32, 1980
2026/08/28 23:59:41.539, 2, 115.88, 0, 0, 6884, 31, 1980
2026/08/28 23:59:41.539, 3, 124.84, 0, 0, 6886, 42, 1980
2026/08/28 23:59:41.539, 4, 124.14, 0, 0, 6886, 43, 1980
2026/08/28 23:59:41.539, 5, 118.59, 0, 0, 6886, 33, 1980
2026/08/28 23:59:41.539, 6, 125.34, 0, 0, 6884, 41, 1980
2026/08/28 23:59:41.539, 7, 121.52, 0, 0, 6884, 31, 1980
2026/08/28 23:59:46.540, 0, 123.49, 0, 0, 6886, 42, 1980
2026/08/28 23:59:46.540, 1, 114.42, 0, 0, 6886, 32, 1980
2026/08/28 23:59:46.540, 2, 115.73, 0, 0, 6884, 31, 1980
2026/08/28 23:59:46.540, 3, 124.59, 0, 0, 6886, 41, 1980
2026/08/28 23:59:46.540, 4, 123.91, 0, 0, 6886, 43, 1980
2026/08/28 23:59:46.540, 5, 118.52, 0, 0, 6886, 33, 1980
2026/08/28 23:59:46.540, 6, 125.12, 0, 0, 6884, 41, 1980
2026/08/28 23:59:46.540, 7, 121.44, 0, 0, 6884, 31, 1980
2026/08/28 23:59:51.540, 0, 122.58, 0, 0, 6886, 42, 1980
2026/08/28 23:59:51.541, 1, 114.33, 0, 0, 6886, 32, 1980
2026/08/28 23:59:51.541, 2, 115.67, 0, 0, 6884, 31, 1980
2026/08/28 23:59:51.541, 3, 123.98, 0, 0, 6886, 41, 1980
2026/08/28 23:59:51.541, 4, 123.67, 0, 0, 6886, 42, 1980
2026/08/28 23:59:51.541, 5, 118.46, 0, 0, 6886, 33, 1980
2026/08/28 23:59:51.541, 6, 124.94, 0, 0, 6884, 40, 1980
2026/08/28 23:59:51.541, 7, 121.30, 0, 0, 6884, 31, 1980
2026/08/28 23:59:56.541, 0, 122.45, 0, 0, 6886, 41, 1980
2026/08/28 23:59:56.541, 1, 114.31, 0, 0, 6886, 31, 1980
2026/08/28 23:59:56.541, 2, 115.68, 0, 0, 6884, 31, 1980
2026/08/28 23:59:56.541, 3, 123.72, 0, 0, 6886, 41, 1980
2026/08/28 23:59:56.541, 4, 123.49, 0, 0, 6886, 42, 1980
2026/08/28 23:59:56.541, 5, 118.43, 0, 0, 6886, 33, 1980
2026/08/28 23:59:56.541, 6, 124.71, 0, 0, 6884, 40, 1980
2026/08/28 23:59:56.541, 7, 121.29, 0, 0, 6884, 31, 1980
2026/08/29 00:00:01.542, 0, 122.18, 0, 0, 6886, 41, 1980
2026/08/29 00:00:01.542, 1, 114.24, 0, 0, 6886, 31, 1980
2026/08/29 00:00:01.542, 2, 115.54, 0, 0, 6884, 31, 1980
2026/08/29 00:00:01.542, 3, 123.50, 0, 0, 6886, 40, 1980
2026/08/29 00:00:01.542, 4, 123.28, 0, 0, 6886, 42, 1980
2026/08/29 00:00:01.542, 5, 118.36, 0, 0, 6886, 33, 1980
2026/08/29 00:00:01.542, 6, 124.52, 0, 0, 6884, 40, 1980
2026/08/29 00:00:01.542, 7, 121.12, 0, 0, 6884, 31, 1980
2026/08/29 00:00:06.543, 0, 122.01, 0, 0, 6886, 41, 1980
2026/08/29 00:00:06.543, 1, 114.20, 0, 0, 6886, 31, 1980
2026/08/29 00:00:06.543, 2, 115.47, 0, 0, 6884, 31, 1980
2026/08/29 00:00:06.543, 3, 123.23, 0, 0, 6886, 40, 1980
2026/08/29 00:00:06.543, 4, 123.10, 0, 0, 6886, 42, 1980
2026/08/29 00:00:06.543, 5, 118.27, 0, 0, 6886, 33, 1980
2026/08/29 00:00:06.543, 6, 124.36, 0, 0, 6884, 40, 1980
2026/08/29 00:00:06.543, 7, 121.12, 0, 0, 6884, 31, 1980
2026/08/29 00:00:11.543, 0, 121.85, 0, 0, 6886, 40, 1980
2026/08/29 00:00:11.543, 1, 114.15, 0, 0, 6886, 31, 1980
2026/08/29 00:00:11.543, 2, 115.40, 0, 0, 6884, 30, 1980
2026/08/29 00:00:11.543, 3, 123.07, 0, 0, 6886, 40, 1980
2026/08/29 00:00:11.543, 4, 122.97, 0, 0, 6886, 41, 1980
2026/08/29 00:00:11.543, 5, 118.32, 0, 0, 6886, 33, 1980
2026/08/29 00:00:11.543, 6, 124.18, 0, 0, 6884, 39, 1980
2026/08/29 00:00:11.543, 7, 121.42, 0, 0, 6884, 31, 1980
2026/08/29 00:00:16.544, 0, 199.86, 9, 5, 12548, 45, 1980
2026/08/29 00:00:16.544, 1, 196.99, 28, 15, 12548, 32, 1980
2026/08/29 00:00:16.544, 2, 166.41, 1, 0, 11806, 32, 1980
2026/08/29 00:00:16.544, 3, 186.37, 39, 27, 11848, 44, 1980
2026/08/29 00:00:16.544, 4, 181.77, 34, 12, 11708, 43, 1980
2026/08/29 00:00:16.544, 5, 170.74, 60, 41, 11848, 37, 1980
2026/08/29 00:00:16.544, 6, 186.23, 62, 8, 11786, 40, 1980
2026/08/29 00:00:16.544, 7, 174.98, 49, 34, 11606, 34, 1980
2026/08/29 00:00:21.545, 0, 125.28, 5, 1, 6886, 41, 1980
2026/08/29 00:00:21.545, 1, 115.30, 2, 0, 6886, 32, 1980
2026/08/29 00:00:21.545, 2, 116.14, 5, 1, 6884, 31, 1980
2026/08/29 00:00:21.545, 3, 124.38, 1, 0, 6886, 40, 1980
2026/08/29 00:00:21.545, 4, 124.23, 5, 1, 6886, 42, 1980
2026/08/29 00:00:21.545, 5, 119.56, 1, 0, 6886, 34, 1980
2026/08/29 00:00:21.545, 6, 125.36, 1, 0, 6884, 40, 1980
2026/08/29 00:00:21.545, 7, 122.43, 5, 1, 6884, 31, 1980
2026/08/29 00:00:26.545, 0, 124.28, 0, 0, 6886, 41, 1980
2026/08/29 00:00:26.546, 1, 70.61, 0, 0, 244, 30, 345
2026/08/29 00:00:26.546, 2, 72.37, 0, 0, 4, 30, 345
2026/08/29 00:00:26.546, 3, 77.41, 0, 0, 4, 39, 375
2026/08/29 00:00:26.546, 4, 74.42, 0, 0, 4, 40, 345
2026/08/29 00:00:26.546, 5, 71.75, 0, 0, 4, 32, 345
2026/08/29 00:00:26.546, 6, 74.20, 0, 0, 4, 38, 345
2026/08/29 00:00:26.546, 7, 85.38, 0, 0, 52, 30, 360
